_c0,signal_std,signal_rad,signal_temperature,critere,pluie,baseline_std,baseline_rad,rainfall_db,rainfall_mmh,model,is_rain_assimilated
2022-12-29 21:59:00,,,,3.591382e-05,0,-19.89922,-31.089205,,,dual_WUH_WLV,True
2022-12-29 22:00:00,-19.864773,-31.075,24.125,3.668039e-05,0,-19.864773,-31.075,0.0,0.0,dual_WUH_WLV,True
2022-12-29 22:01:00,-19.923721,-31.10625,24.15625,2.90225e-05,0,-19.923721,-31.10625,0.0,0.0,dual_WUH_WLV,True
2022-12-29 22:02:00,-19.915909,-31.1027,24.21875,2.2028613e-05,0,-19.915909,-31.1027,0.0,0.0,dual_WUH_WLV,True
2022-12-29 22:03:00,-19.944317,-31.101278,24.1875,1.6745178e-05,0,-19.944317,-31.101278,0.0,0.0,dual_WUH_WLV,True
2022-12-29 22:04:00,-19.933666,-31.1027,24.1875,1.3156433e-05,0,-19.933666,-31.1027,0.0,0.0,dual_WUH_WLV,True
2022-12-29 22:05:00,-19.907387,-31.099148,24.21875,1.1201694e-05,0,-19.907387,-31.099148,0.0,0.0,dual_WUH_WLV,True
2022-12-29 22:06:00,-19.929403,-31.1027,24.1875,1.0187991e-05,0,-19.929403,-31.1027,0.0,0.0,dual_WUH_WLV,True
2022-12-29 22:07:00,-19.91449,-31.103409,24.21875,9.511924e-06,0,-19.91449,-31.103409,0.0,0.0,dual_WUH_WLV,True
2022-12-29 22:08:00,-19.938637,-31.103409,24.1875,9.234487e-06,0,-19.938637,-31.103409,0.0,0.0,dual_WUH_WLV,True
2022-12-29 22:09:00,-19.927273,-31.10483,24.1875,9.062087e-06,0,-19.927273,-31.10483,0.0,0.0,dual_WUH_WLV,True
2022-12-29 22:10:00,-19.931534,-31.109802,24.125,8.986431e-06,0,-19.931534,-31.109802,0.0,0.0,dual_WUH_WLV,True
2022-12-29 22:11:00,-19.903835,-31.095596,24.1875,8.851506e-06,0,-19.903835,-31.095596,0.0,0.0,dual_WUH_WLV,True
2022-12-29 22:12:00,-19.972017,-31.108381,24.15625,1.08226095e-05,0,-19.972017,-31.108381,0.0,0.0,dual_WUH_WLV,True
2022-12-29 22:13:00,-19.91875,-31.115482,24.09375,1.2150735e-05,0,-19.91875,-31.115482,0.0,0.0,dual_WUH_WLV,True
2022-12-29 22:14:00,-19.903835,-31.112642,24.0625,1.44418e-05,0,-19.903835,-31.112642,0.0,0.0,dual_WUH_WLV,True
2022-12-29 22:15:00,-19.925142,-31.104118,24.15625,1.8145058e-05,0,-19.925142,-31.104118,0.0,0.0,dual_WUH_WLV,True
2022-12-29 22:16:00,-19.896023,-31.10199,24.125,2.3312874e-05,0,-19.896023,-31.10199,0.0,0.0,dual_WUH_WLV,True
2022-12-29 22:17:00,-19.930115,-31.10199,24.09375,2.6687589e-05,0,-19.930115,-31.10199,0.0,0.0,dual_WUH_WLV,True
2022-12-29 22:18:00,-19.940058,-31.11264,24.1875,2.6911655e-05,0,-19.940058,-31.11264,0.0,0.0,dual_WUH_WLV,True
2022-12-29 22:19:00,-19.927273,-31.10483,24.21875,2.8929871e-05,0,-19.927273,-31.10483,0.0,0.0,dual_WUH_WLV,True
2022-12-29 22:20:00,-19.932243,-31.115482,24.1875,2.9438352e-05,0,-19.932243,-31.115482,0.0,0.0,dual_WUH_WLV,True
2022-12-29 22:21:00,-19.930115,-31.098438,24.25,2.9122062e-05,0,-19.930115,-31.098438,0.0,0.0,dual_WUH_WLV,True
2022-12-29 22:22:00,-19.967754,-31.109802,24.3125,3.0181878e-05,0,-19.967754,-31.109802,0.0,0.0,dual_WUH_WLV,True
2022-12-29 22:23:00,-19.935085,-31.10625,24.375,3.0983043e-05,0,-19.935085,-31.10625,0.0,0.0,dual_WUH_WLV,True
2022-12-29 22:24:00,-19.935085,-31.115482,24.3125,3.1347663e-05,0,-19.935085,-31.115482,0.0,0.0,dual_WUH_WLV,True
2022-12-29 22:25:00,-19.935085,-31.10625,24.40625,2.966972e-05,0,-19.935085,-31.10625,0.0,0.0,dual_WUH_WLV,True
2022-12-29 22:26:00,-19.962074,-31.114063,24.40625,2.7823522e-05,0,-19.962074,-31.114063,0.0,0.0,dual_WUH_WLV,True
2022-12-29 22:27:00,-19.934376,-31.1027,24.4375,2.6773421e-05,0,-19.934376,-31.1027,0.0,0.0,dual_WUH_WLV,True
2022-12-29 22:28:00,-19.957813,-31.10696,24.4375,2.7119519e-05,0,-19.957813,-31.10696,0.0,0.0,dual_WUH_WLV,True
2022-12-29 22:29:00,-19.927273,-31.109802,24.4375,2.592609e-05,0,-19.927273,-31.109802,0.0,0.0,dual_WUH_WLV,True
2022-12-29 22:30:00,-19.931534,-31.113352,24.4375,1.8866021e-05,0,-19.931534,-31.113352,0.0,0.0,dual_WUH_WLV,True
2022-12-29 22:31:00,-19.95071,-31.10696,24.46875,1.7252161e-05,0,-19.95071,-31.10696,0.0,0.0,dual_WUH_WLV,True
2022-12-29 22:32:00,-19.933666,-31.10696,24.4375,1.6129901e-05,0,-19.933666,-31.10696,0.0,0.0,dual_WUH_WLV,True
2022-12-29 22:33:00,-19.937927,-31.10767,24.46875,1.572794e-05,0,-19.937927,-31.10767,0.0,0.0,dual_WUH_WLV,True
2022-12-29 22:34:00,-19.925142,-31.110512,24.4375,1.6140304e-05,0,-19.925142,-31.110512,0.0,0.0,dual_WUH_WLV,True
2022-12-29 22:35:00,-19.92088,-31.1027,24.28125,1.710361e-05,0,-19.92088,-31.1027,0.0,0.0,dual_WUH_WLV,True
2022-12-29 22:36:00,-19.9152,-31.10696,24.28125,1.7354969e-05,0,-19.9152,-31.10696,0.0,0.0,dual_WUH_WLV,True
2022-12-29 22:37:00,-19.92443,-31.10483,24.1875,1.6672038e-05,0,-19.92443,-31.10483,0.0,0.0,dual_WUH_WLV,True
2022-12-29 22:38:00,-19.939346,-31.101988,24.1875,1.5693447e-05,0,-19.939346,-31.101988,0.0,0.0,dual_WUH_WLV,True
2022-12-29 22:39:00,-19.928692,-31.10696,24.125,1.4805752e-05,0,-19.928692,-31.10696,0.0,0.0,dual_WUH_WLV,True
2022-12-29 22:40:00,-19.910938,-31.10767,24.09375,1.5095522e-05,0,-19.910938,-31.10767,0.0,0.0,dual_WUH_WLV,True
2022-12-29 22:41:00,-19.903126,-31.098438,24.03125,1.6172306e-05,0,-19.903126,-31.098438,0.0,0.0,dual_WUH_WLV,True
2022-12-29 22:42:00,-19.907387,-31.097015,23.96875,1.6464577e-05,0,-19.907387,-31.097015,0.0,0.0,dual_WUH_WLV,True
2022-12-29 22:43:00,-19.927982,-31.104118,23.9375,1.6103802e-05,0,-19.927982,-31.104118,0.0,0.0,dual_WUH_WLV,True
2022-12-29 22:44:00,-19.91875,-31.097727,23.96875,1.672797e-05,0,-19.91875,-31.097727,0.0,0.0,dual_WUH_WLV,True
2022-12-29 22:45:00,-19.909517,-31.096306,23.9375,1.7809838e-05,0,-19.909517,-31.096306,0.0,0.0,dual_WUH_WLV,True
2022-12-29 22:46:00,-19.915909,-31.10199,23.90625,1.9721028e-05,0,-19.915909,-31.10199,0.0,0.0,dual_WUH_WLV,True
2022-12-29 22:47:00,-19.900993,-31.097729,23.875,2.2752318e-05,0,-19.900993,-31.097729,0.0,0.0,dual_WUH_WLV,True
2022-12-29 22:48:00,-19.913067,-31.096306,23.90625,2.55748e-05,0,-19.913067,-31.096306,0.0,0.0,dual_WUH_WLV,True
2022-12-29 22:49:00,-19.923012,-31.094887,23.90625,2.8283843e-05,0,-19.923012,-31.094887,0.0,0.0,dual_WUH_WLV,True
2022-12-29 22:50:00,-19.895313,-31.10199,23.84375,2.723127e-05,0,-19.895313,-31.10199,0.0,0.0,dual_WUH_WLV,True
2022-12-29 22:51:00,-19.937927,-31.095596,23.90625,2.6220994e-05,0,-19.937927,-31.095596,0.0,0.0,dual_WUH_WLV,True
2022-12-29 22:52:00,-19.920881,-31.099148,23.9375,2.8661709e-05,0,-19.920881,-31.099148,0.0,0.0,dual_WUH_WLV,True
2022-12-29 22:53:00,-19.907387,-31.092045,23.9375,3.655544e-05,0,-19.907387,-31.092045,0.0,0.0,dual_WUH_WLV,True
2022-12-29 22:54:00,-19.905254,-31.094887,23.875,4.911708e-05,0,-19.905254,-31.094887,0.0,0.0,dual_WUH_WLV,True
2022-12-29 22:55:00,-19.885368,-31.100569,23.9375,7.346436e-05,0,-19.885368,-31.100569,0.0,0.0,dual_WUH_WLV,True
2022-12-29 22:56:00,-19.894604,-31.093468,23.96875,0.00010961065,0,-19.894604,-31.093468,0.0,0.0,dual_WUH_WLV,True
2022-12-29 22:57:00,-19.88821,-31.099148,24.0625,0.00013419986,0,-19.88821,-31.099148,0.0,0.0,dual_WUH_WLV,True
2022-12-29 22:58:00,-19.95142,-31.103409,24.0625,0.0001463592,0,-19.95142,-31.103409,0.0,0.0,dual_WUH_WLV,True
2022-12-29 22:59:00,-19.931534,-31.098438,24.03125,0.00015676022,0,-19.931534,-31.098438,0.0,0.0,dual_WUH_WLV,True
2022-12-29 23:00:00,,,,0.00018566847,0,-19.926207,-31.094177,,,dual_WUH_WLV,True
2022-12-29 23:01:00,-19.92088,-31.089916,24.0,0.00023519993,0,-19.92088,-31.089916,0.0,0.0,dual_WUH_WLV,True
2022-12-29 23:02:00,-19.901705,-31.101278,24.0,0.00026997924,0,-19.901705,-31.101278,0.0,0.0,dual_WUH_WLV,True
2022-12-29 23:03:00,-19.925854,-31.093466,24.0,0.00030189753,0,-19.925854,-31.093466,0.0,0.0,dual_WUH_WLV,True
2022-12-29 23:04:00,-19.971306,-31.089916,24.09375,0.0003232658,0,-19.971306,-31.089916,0.0,0.0,dual_WUH_WLV,True
2022-12-29 23:05:00,-19.923721,-31.100569,24.125,0.00033727288,0,-19.923721,-31.100569,0.0,0.0,dual_WUH_WLV,True
2022-12-29 23:06:00,-19.902416,-31.092754,24.09375,0.0003347993,0,-19.902416,-31.092754,0.0,0.0,dual_WUH_WLV,True
2022-12-29 23:07:00,-19.926563,-31.099857,24.15625,0.00035741925,0,-19.926563,-31.099857,0.0,0.0,dual_WUH_WLV,True
2022-12-29 23:08:00,-19.905966,-31.094177,24.15625,0.00036403537,0,-19.905966,-31.094177,0.0,0.0,dual_WUH_WLV,True
2022-12-29 23:09:00,-19.939346,-31.094177,24.15625,0.00033798814,0,-19.939346,-31.094177,0.0,0.0,dual_WUH_WLV,True
2022-12-29 23:10:00,-19.95,-31.099857,24.125,0.0003259182,0,-19.95,-31.099857,0.0,0.0,dual_WUH_WLV,True
2022-12-29 23:11:00,-19.941479,-31.094177,24.15625,0.00034031272,0,-19.941479,-31.094177,0.0,0.0,dual_WUH_WLV,True
2022-12-29 23:12:00,-19.89318,-31.10838,24.15625,0.00032490492,0,-19.89318,-31.10838,0.0,0.0,dual_WUH_WLV,True
2022-12-29 23:13:00,-19.91875,-31.092756,24.125,0.00028073788,0,-19.91875,-31.092756,0.0,0.0,dual_WUH_WLV,True
2022-12-29 23:14:00,-19.957813,-31.100569,24.15625,0.00022730231,0,-19.957813,-31.100569,0.0,0.0,dual_WUH_WLV,True
2022-12-29 23:15:00,-19.938637,-31.099148,24.15625,0.00018641353,0,-19.938637,-31.099148,0.0,0.0,dual_WUH_WLV,True
2022-12-29 23:16:00,-19.918041,-31.092045,24.09375,0.00014203787,0,-19.918041,-31.092045,0.0,0.0,dual_WUH_WLV,True
2022-12-29 23:17:00,-19.92017,-31.097729,24.125,0.00010906156,0,-19.92017,-31.097729,0.0,0.0,dual_WUH_WLV,True
2022-12-29 23:18:00,-19.936504,-31.092754,24.09375,9.827778e-05,0,-19.936504,-31.092754,0.0,0.0,dual_WUH_WLV,True
2022-12-29 23:19:00,-19.935085,-31.103409,24.09375,8.944881e-05,0,-19.935085,-31.103409,0.0,0.0,dual_WUH_WLV,True
2022-12-29 23:20:00,-19.879688,-31.093466,23.9375,8.3036786e-05,0,-19.879688,-31.093466,0.0,0.0,dual_WUH_WLV,True
2022-12-29 23:21:00,-19.905966,-31.089205,24.125,8.42494e-05,0,-19.905966,-31.089205,0.0,0.0,dual_WUH_WLV,True
2022-12-29 23:22:00,-19.88963,-31.092754,24.09375,9.238358e-05,0,-19.88963,-31.092754,0.0,0.0,dual_WUH_WLV,True
2022-12-29 23:23:00,-19.91875,-31.097017,24.125,0.00010443762,0,-19.91875,-31.097017,0.0,0.0,dual_WUH_WLV,True
2022-12-29 23:24:00,-19.909517,-31.097727,24.09375,0.000119678036,0,-19.909517,-31.097727,0.0,0.0,dual_WUH_WLV,True
2022-12-29 23:25:00,-19.890343,-31.098438,24.0625,0.0001347661,0,-19.890343,-31.098438,0.0,0.0,dual_WUH_WLV,True
2022-12-29 23:26:00,-19.904545,-31.099148,24.0625,0.00013667345,0,-19.904545,-31.099148,0.0,0.0,dual_WUH_WLV,True
2022-12-29 23:27:00,-19.927982,-31.094887,23.96875,0.00012874603,0,-19.927982,-31.094887,0.0,0.0,dual_WUH_WLV,True
2022-12-29 23:28:00,-19.92159,-31.094887,23.96875,0.000114226226,0,-19.92159,-31.094887,0.0,0.0,dual_WUH_WLV,True
2022-12-29 23:29:00,-19.905254,-31.087784,24.0,9.3383205e-05,0,-19.905254,-31.087784,0.0,0.0,dual_WUH_WLV,True
2022-12-29 23:30:00,-19.935085,-31.098438,24.03125,1.9733916e-05,0,-19.935085,-31.098438,0.0,0.0,dual_WUH_WLV,True
2022-12-29 23:31:00,-19.94645,-31.086365,24.03125,2.0502537e-05,0,-19.94645,-31.086365,0.0,0.0,dual_WUH_WLV,True
2022-12-29 23:32:00,-19.903126,-31.097727,24.09375,2.148541e-05,0,-19.903126,-31.097727,0.0,0.0,dual_WUH_WLV,True
2022-12-29 23:33:00,-19.88608,-31.094887,24.03125,2.3499417e-05,0,-19.88608,-31.094887,0.0,0.0,dual_WUH_WLV,True
2022-12-29 23:34:00,-19.923721,-31.094887,23.96875,2.8193894e-05,0,-19.923721,-31.094887,0.0,0.0,dual_WUH_WLV,True
2022-12-29 23:35:00,-19.913067,-31.089205,24.0625,3.1534408e-05,0,-19.913067,-31.089205,0.0,0.0,dual_WUH_WLV,True
2022-12-29 23:36:00,-19.918041,-31.092756,24.0625,3.4296932e-05,0,-19.918041,-31.092756,0.0,0.0,dual_WUH_WLV,True
2022-12-29 23:37:00,-19.932243,-31.10128,24.09375,3.883395e-05,0,-19.932243,-31.10128,0.0,0.0,dual_WUH_WLV,True
2022-12-29 23:38:00,-19.896732,-31.098438,24.125,4.1944768e-05,0,-19.896732,-31.098438,0.0,0.0,dual_WUH_WLV,True
2022-12-29 23:39:00,-19.95,-31.097015,24.1875,4.4902343e-05,0,-19.95,-31.097015,0.0,0.0,dual_WUH_WLV,True
2022-12-29 23:40:00,-19.92088,-31.104118,24.1875,4.3742122e-05,0,-19.92088,-31.104118,0.0,0.0,dual_WUH_WLV,True
2022-12-29 23:41:00,-19.942188,-31.094177,24.1875,4.546926e-05,0,-19.942188,-31.094177,0.0,0.0,dual_WUH_WLV,True
2022-12-29 23:42:00,-19.927982,-31.093468,24.09375,5.0004168e-05,0,-19.927982,-31.093468,0.0,0.0,dual_WUH_WLV,True
2022-12-29 23:43:00,-19.88892,-31.094177,24.1875,5.996267e-05,0,-19.88892,-31.094177,0.0,0.0,dual_WUH_WLV,True
2022-12-29 23:44:00,-19.910938,-31.089205,24.1875,8.073239e-05,0,-19.910938,-31.089205,0.0,0.0,dual_WUH_WLV,True
2022-12-29 23:45:00,-19.88963,-31.090626,24.1875,0.0001231333,0,-19.88963,-31.090626,0.0,0.0,dual_WUH_WLV,True
2022-12-29 23:46:00,-19.870455,-31.089205,24.15625,0.00017854571,0,-19.870455,-31.089205,0.0,0.0,dual_WUH_WLV,True
2022-12-29 23:47:00,-19.89318,-31.074291,24.1875,0.00020971894,0,-19.89318,-31.074291,0.0,0.0,dual_WUH_WLV,True
2022-12-29 23:48:00,-19.959942,-31.091335,24.0625,0.00021466613,0,-19.959942,-31.091335,0.0,0.0,dual_WUH_WLV,True
2022-12-29 23:49:00,-19.898153,-31.094887,24.03125,0.00020173192,0,-19.898153,-31.094887,0.0,0.0,dual_WUH_WLV,True
2022-12-29 23:50:00,-19.931534,-31.094887,24.0625,0.00020202994,0,-19.931534,-31.094887,0.0,0.0,dual_WUH_WLV,True
2022-12-29 23:51:00,-19.928694,-31.087074,24.09375,0.00020518899,0,-19.928694,-31.087074,0.0,0.0,dual_WUH_WLV,True
2022-12-29 23:52:00,-19.866903,-31.089914,24.03125,0.00020244718,0,-19.866903,-31.089914,0.0,0.0,dual_WUH_WLV,True
2022-12-29 23:53:00,-19.88963,-31.083523,24.0,0.00020289421,0,-19.88963,-31.083523,0.0,0.0,dual_WUH_WLV,True
2022-12-29 23:54:00,-19.869743,-31.090626,24.0,0.0002310574,0,-19.869743,-31.090626,0.0,0.0,dual_WUH_WLV,True
2022-12-29 23:55:00,-19.869034,-31.099857,24.0625,0.0002876222,0,-19.869034,-31.099857,0.0,0.0,dual_WUH_WLV,True
2022-12-29 23:56:00,-19.907387,-31.089914,24.0,0.000297755,0,-19.907387,-31.089914,0.0,0.0,dual_WUH_WLV,True
2022-12-29 23:57:00,-19.88324,-31.082102,24.0625,0.00028711557,0,-19.88324,-31.082102,0.0,0.0,dual_WUH_WLV,True
2022-12-29 23:58:00,-19.903835,-31.094177,23.96875,0.00027409196,0,-19.903835,-31.094177,0.0,0.0,dual_WUH_WLV,True
2022-12-29 23:59:00,-19.931534,-31.086363,24.125,0.0003029108,0,-19.931534,-31.086363,0.0,0.0,dual_WUH_WLV,True
2022-12-30 00:00:00,-19.882528,-31.086365,23.96875,0.00034978986,0,-19.882528,-31.086365,0.0,0.0,dual_WUH_WLV,True
2022-12-30 00:01:00,-19.841335,-31.087784,23.9375,0.0004274845,0,-19.841335,-31.087784,0.0,0.0,dual_WUH_WLV,True
2022-12-30 00:02:00,-19.878977,-31.087074,23.96875,0.00053325295,0,-19.878977,-31.087074,0.0,0.0,dual_WUH_WLV,True
2022-12-30 00:03:00,-19.89034,-31.094887,23.9375,0.0005913973,0,-19.89034,-31.094887,0.0,0.0,dual_WUH_WLV,True
2022-12-30 00:04:00,-19.944319,-31.089205,24.0,0.000536263,0,-19.944319,-31.089205,0.0,0.0,dual_WUH_WLV,True
2022-12-30 00:05:00,-19.91733,-31.084944,23.9375,0.00044953823,0,-19.91733,-31.084944,0.0,0.0,dual_WUH_WLV,True
2022-12-30 00:06:00,-19.88395,-31.087784,24.0625,0.0003374219,0,-19.88395,-31.087784,0.0,0.0,dual_WUH_WLV,True
2022-12-30 00:07:00,-19.928694,-31.089916,23.96875,0.00025698543,0,-19.928694,-31.089916,0.0,0.0,dual_WUH_WLV,True
2022-12-30 00:08:00,-19.903835,-31.084232,24.09375,0.00020414591,0,-19.903835,-31.084232,0.0,0.0,dual_WUH_WLV,True
2022-12-30 00:09:00,-19.912357,-31.089203,23.96875,0.00017386675,0,-19.912357,-31.089203,0.0,0.0,dual_WUH_WLV,True
2022-12-30 00:10:00,-19.871876,-31.083523,23.96875,0.00014865398,0,-19.871876,-31.083523,0.0,0.0,dual_WUH_WLV,True
2022-12-30 00:11:00,-19.85838,-31.082104,23.875,0.00012522936,0,-19.85838,-31.082104,0.0,0.0,dual_WUH_WLV,True
2022-12-30 00:12:00,-19.911648,-31.093468,23.875,9.6732074e-05,0,-19.911648,-31.093468,0.0,0.0,dual_WUH_WLV,True
2022-12-30 00:13:00,-19.885368,-31.066477,23.84375,7.3538315e-05,0,-19.885368,-31.066477,0.0,0.0,dual_WUH_WLV,True
2022-12-30 00:14:00,-19.900993,-31.086365,23.6875,5.534925e-05,0,-19.900993,-31.086365,0.0,0.0,dual_WUH_WLV,True
2022-12-30 00:15:00,-19.927273,-31.083523,23.6875,4.251702e-05,0,-19.927273,-31.083523,0.0,0.0,dual_WUH_WLV,True
2022-12-30 00:16:00,-19.866194,-31.082813,23.625,3.3381253e-05,0,-19.866194,-31.082813,0.0,0.0,dual_WUH_WLV,True
2022-12-30 00:17:00,-19.861221,-31.07713,23.59375,2.6807402e-05,0,-19.861221,-31.07713,0.0,0.0,dual_WUH_WLV,True
2022-12-30 00:18:00,-19.866192,-31.070738,23.5625,2.6216694e-05,0,-19.866192,-31.070738,0.0,0.0,dual_WUH_WLV,True
2022-12-30 00:19:00,-19.836365,-31.075,23.65625,2.4408602e-05,0,-19.836365,-31.075,0.0,0.0,dual_WUH_WLV,True
2022-12-30 00:20:00,-19.88324,-31.07855,23.625,1.9630677e-05,0,-19.88324,-31.07855,0.0,0.0,dual_WUH_WLV,True
2022-12-30 00:21:00,-19.896732,-31.075,23.59375,1.4543968e-05,0,-19.896732,-31.075,0.0,0.0,dual_WUH_WLV,True
2022-12-30 00:22:00,-19.89318,-31.078552,23.59375,1.12764765e-05,0,-19.89318,-31.078552,0.0,0.0,dual_WUH_WLV,True
2022-12-30 00:23:00,-19.88324,-31.08139,23.59375,9.470215e-06,0,-19.88324,-31.08139,0.0,0.0,dual_WUH_WLV,True
2022-12-30 00:24:00,-19.896732,-31.082102,23.5625,9.548925e-06,0,-19.896732,-31.082102,0.0,0.0,dual_WUH_WLV,True
2022-12-30 00:25:00,-19.849148,-31.078552,23.625,9.816888e-06,0,-19.849148,-31.078552,0.0,0.0,dual_WUH_WLV,True
2022-12-30 00:26:00,-19.892471,-31.07784,23.625,1.0080347e-05,0,-19.892471,-31.07784,0.0,0.0,dual_WUH_WLV,True
2022-12-30 00:27:00,-19.88892,-31.082813,23.71875,1.1387181e-05,0,-19.88892,-31.082813,0.0,0.0,dual_WUH_WLV,True
2022-12-30 00:28:00,-19.865482,-31.077843,23.71875,1.2635235e-05,0,-19.865482,-31.077843,0.0,0.0,dual_WUH_WLV,True
2022-12-30 00:29:00,-19.8527,-31.075,23.6875,1.2710687e-05,0,-19.8527,-31.075,0.0,0.0,dual_WUH_WLV,True
2022-12-30 00:30:00,-19.894604,-31.072868,23.6875,1.0942437e-05,0,-19.894604,-31.072868,0.0,0.0,dual_WUH_WLV,True
2022-12-30 00:31:00,-19.876846,-31.069317,23.78125,1.0418966e-05,0,-19.876846,-31.069317,0.0,0.0,dual_WUH_WLV,True
2022-12-30 00:32:00,-19.890343,-31.079262,23.78125,1.0312804e-05,0,-19.890343,-31.079262,0.0,0.0,dual_WUH_WLV,True
2022-12-30 00:33:00,-19.885368,-31.08068,23.75,1.0789621e-05,0,-19.885368,-31.08068,0.0,0.0,dual_WUH_WLV,True
2022-12-30 00:34:00,-19.85909,-31.07145,23.75,1.172605e-05,0,-19.85909,-31.07145,0.0,0.0,dual_WUH_WLV,True
2022-12-30 00:35:00,-19.903126,-31.072868,23.8125,1.31749775e-05,0,-19.903126,-31.072868,0.0,0.0,dual_WUH_WLV,True
2022-12-30 00:36:00,-19.865482,-31.07358,23.8125,1.4276897e-05,0,-19.865482,-31.07358,0.0,0.0,dual_WUH_WLV,True
2022-12-30 00:37:00,-19.889631,-31.078552,23.8125,1.5340498e-05,0,-19.889631,-31.078552,0.0,0.0,dual_WUH_WLV,True
2022-12-30 00:38:00,-19.871164,-31.063637,23.8125,1.5932224e-05,0,-19.871164,-31.063637,0.0,0.0,dual_WUH_WLV,True
2022-12-30 00:39:00,-19.884659,-31.070028,23.8125,1.765231e-05,0,-19.884659,-31.070028,0.0,0.0,dual_WUH_WLV,True
2022-12-30 00:40:00,-19.871876,-31.060085,23.75,1.9224915e-05,0,-19.871876,-31.060085,0.0,0.0,dual_WUH_WLV,True
2022-12-30 00:41:00,-19.85838,-31.065767,23.78125,1.897061e-05,0,-19.85838,-31.065767,0.0,0.0,dual_WUH_WLV,True
2022-12-30 00:42:00,-19.878979,-31.061504,23.71875,1.7676095e-05,0,-19.878979,-31.061504,0.0,0.0,dual_WUH_WLV,True
2022-12-30 00:43:00,-19.881819,-31.07145,23.71875,1.6750353e-05,0,-19.881819,-31.07145,0.0,0.0,dual_WUH_WLV,True
2022-12-30 00:44:00,-19.872585,-31.064346,23.71875,1.6910473e-05,0,-19.872585,-31.064346,0.0,0.0,dual_WUH_WLV,True
2022-12-30 00:45:00,-19.842754,-31.060795,23.6875,1.6480019e-05,0,-19.842754,-31.060795,0.0,0.0,dual_WUH_WLV,True
2022-12-30 00:46:00,-19.839205,-31.061504,23.71875,1.6832068e-05,0,-19.839205,-31.061504,0.0,0.0,dual_WUH_WLV,True
2022-12-30 00:47:00,-19.844177,-31.065056,23.6875,1.8925706e-05,0,-19.844177,-31.065056,0.0,0.0,dual_WUH_WLV,True
2022-12-30 00:48:00,-19.842045,-31.062216,23.6875,2.00773e-05,0,-19.842045,-31.062216,0.0,0.0,dual_WUH_WLV,True
2022-12-30 00:49:00,-19.840626,-31.057243,23.5625,1.9633822e-05,0,-19.840626,-31.057243,0.0,0.0,dual_WUH_WLV,True
2022-12-30 00:50:00,-19.854118,-31.061504,23.625,1.906503e-05,0,-19.854118,-31.061504,0.0,0.0,dual_WUH_WLV,True
2022-12-30 00:51:00,-19.853409,-31.067188,23.59375,1.9804464e-05,0,-19.853409,-31.067188,0.0,0.0,dual_WUH_WLV,True
2022-12-30 00:52:00,-19.86193,-31.064346,23.5625,2.0742553e-05,0,-19.86193,-31.064346,0.0,0.0,dual_WUH_WLV,True
2022-12-30 00:53:00,-19.836365,-31.07145,23.59375,1.899045e-05,0,-19.836365,-31.07145,0.0,0.0,dual_WUH_WLV,True
2022-12-30 00:54:00,-19.863354,-31.065056,23.59375,1.6908603e-05,0,-19.863354,-31.065056,0.0,0.0,dual_WUH_WLV,True
2022-12-30 00:55:00,-19.882528,-31.055824,23.65625,1.6703645e-05,0,-19.882528,-31.055824,0.0,0.0,dual_WUH_WLV,True
2022-12-30 00:56:00,-19.845596,-31.067898,23.59375,1.7528322e-05,0,-19.845596,-31.067898,0.0,0.0,dual_WUH_WLV,True
2022-12-30 00:57:00,-19.833523,-31.065767,23.6875,1.8665245e-05,0,-19.833523,-31.065767,0.0,0.0,dual_WUH_WLV,True
2022-12-30 00:58:00,-19.849148,-31.050142,23.6875,2.3033515e-05,0,-19.849148,-31.050142,0.0,0.0,dual_WUH_WLV,True
2022-12-30 00:59:00,-19.82358,-31.062927,23.625,2.624809e-05,0,-19.82358,-31.062927,0.0,0.0,dual_WUH_WLV,True
2022-12-30 01:00:00,-19.848438,-31.062927,23.65625,2.7209464e-05,0,-19.848438,-31.062927,0.0,0.0,dual_WUH_WLV,True
2022-12-30 01:01:00,-19.858381,-31.065767,23.65625,2.983295e-05,0,-19.858381,-31.065767,0.0,0.0,dual_WUH_WLV,True
2022-12-30 01:02:00,-19.847727,-31.065767,23.59375,3.475076e-05,0,-19.847727,-31.065767,0.0,0.0,dual_WUH_WLV,True
2022-12-30 01:03:00,-19.839205,-31.061504,23.59375,4.2671338e-05,0,-19.839205,-31.061504,0.0,0.0,dual_WUH_WLV,True
2022-12-30 01:04:00,-19.85625,-31.078552,23.625,6.118896e-05,0,-19.85625,-31.078552,0.0,0.0,dual_WUH_WLV,True
2022-12-30 01:05:00,-19.842754,-31.061504,23.59375,0.00010254261,0,-19.842754,-31.061504,0.0,0.0,dual_WUH_WLV,True
2022-12-30 01:06:00,-19.839205,-31.072159,23.65625,0.00020122528,0,-19.839205,-31.072159,0.0,0.0,dual_WUH_WLV,True
2022-12-30 01:07:00,-19.829971,-31.068607,23.59375,0.000395149,0,-19.829971,-31.068607,0.0,0.0,dual_WUH_WLV,True
2022-12-30 01:08:00,-19.831392,-31.07145,23.59375,0.00060999393,0,-19.831392,-31.07145,0.0,0.0,dual_WUH_WLV,True
2022-12-30 01:09:00,-19.873295,-31.069317,23.5625,0.0007393658,0,-19.873295,-31.069317,0.0,0.0,dual_WUH_WLV,True
2022-12-30 01:10:00,-19.8527,-31.060085,23.5625,0.00082424283,0,-19.8527,-31.060085,0.0,0.0,dual_WUH_WLV,True
2022-12-30 01:11:00,-19.907387,-31.07145,23.65625,0.0009390414,0,-19.907387,-31.07145,0.0,0.0,dual_WUH_WLV,True
2022-12-30 01:12:00,-19.862642,-31.056534,23.6875,0.0009794831,0,-19.862642,-31.056534,0.0,0.0,dual_WUH_WLV,True
2022-12-30 01:13:00,-19.834232,-31.052982,23.65625,0.00094679,0,-19.834232,-31.052982,0.0,0.0,dual_WUH_WLV,True
2022-12-30 01:14:00,-19.8527,-31.070028,23.71875,0.00081577897,0,-19.8527,-31.070028,0.0,0.0,dual_WUH_WLV,True
2022-12-30 01:15:00,-19.864063,-31.066479,23.6875,0.00061267614,0,-19.864063,-31.066479,0.0,0.0,dual_WUH_WLV,True
2022-12-30 01:16:00,-19.79588,-31.068607,23.6875,0.00044959784,0,-19.79588,-31.068607,0.0,0.0,dual_WUH_WLV,True
2022-12-30 01:17:00,-19.892471,-31.067188,23.75,0.0003566444,0,-19.892471,-31.067188,0.0,0.0,dual_WUH_WLV,True
2022-12-30 01:18:00,-19.812216,-31.069319,23.6875,0.00028455257,0,-19.812216,-31.069319,0.0,0.0,dual_WUH_WLV,True
2022-12-30 01:19:00,-19.838493,-31.064346,23.71875,0.00021097064,0,-19.838493,-31.064346,0.0,0.0,dual_WUH_WLV,True
2022-12-30 01:20:00,-19.85483,-31.07642,23.6875,0.00016865134,0,-19.85483,-31.07642,0.0,0.0,dual_WUH_WLV,True
2022-12-30 01:21:00,-19.85838,-31.067898,23.6875,0.00014454126,0,-19.85838,-31.067898,0.0,0.0,dual_WUH_WLV,True
2022-12-30 01:22:00,-19.843466,-31.062216,23.625,0.00012880564,0,-19.843466,-31.062216,0.0,0.0,dual_WUH_WLV,True
2022-12-30 01:23:00,-19.839205,-31.061504,23.625,0.000113484624,0,-19.839205,-31.061504,0.0,0.0,dual_WUH_WLV,True
2022-12-30 01:24:00,-19.801563,-31.072159,23.59375,0.00010096882,0,-19.801563,-31.072159,0.0,0.0,dual_WUH_WLV,True
2022-12-30 01:25:00,-19.86193,-31.062927,23.625,9.7545155e-05,0,-19.86193,-31.062927,0.0,0.0,dual_WUH_WLV,True
2022-12-30 01:26:00,-19.82571,-31.060795,23.59375,0.000100750374,0,-19.82571,-31.060795,0.0,0.0,dual_WUH_WLV,True
2022-12-30 01:27:00,-19.812925,-31.057953,23.625,0.000109463464,0,-19.812925,-31.057953,0.0,0.0,dual_WUH_WLV,True
2022-12-30 01:28:00,-19.808666,-31.064346,23.65625,0.0001232602,0,-19.808666,-31.064346,0.0,0.0,dual_WUH_WLV,True
2022-12-30 01:29:00,-19.807243,-31.067188,23.5625,0.0001437962,0,-19.807243,-31.067188,0.0,0.0,dual_WUH_WLV,True
2022-12-30 01:30:00,-19.82784,-31.07074,23.625,0.00019139051,0,-19.82784,-31.07074,0.0,0.0,dual_WUH_WLV,True
2022-12-30 01:31:00,-19.867613,-31.063637,23.59375,0.00018784404,0,-19.867613,-31.063637,0.0,0.0,dual_WUH_WLV,True
2022-12-30 01:32:00,-19.829262,-31.062216,23.65625,0.00018545985,0,-19.829262,-31.062216,0.0,0.0,dual_WUH_WLV,True
2022-12-30 01:33:00,-19.815056,-31.062927,23.65625,0.00017666817,0,-19.815056,-31.062927,0.0,0.0,dual_WUH_WLV,True
2022-12-30 01:34:00,-19.82571,-31.057955,23.625,0.00016635656,0,-19.82571,-31.057955,0.0,0.0,dual_WUH_WLV,True
2022-12-30 01:35:00,-19.869743,-31.060795,23.71875,0.00017049909,0,-19.869743,-31.060795,0.0,0.0,dual_WUH_WLV,True
2022-12-30 01:36:00,-19.832102,-31.055115,23.6875,0.00017166138,0,-19.832102,-31.055115,0.0,0.0,dual_WUH_WLV,True
2022-12-30 01:37:00,-19.85909,-31.070028,23.71875,0.00018638372,0,-19.85909,-31.070028,0.0,0.0,dual_WUH_WLV,True
2022-12-30 01:38:00,-19.838493,-31.062927,23.71875,0.00023660064,0,-19.838493,-31.062927,0.0,0.0,dual_WUH_WLV,True
2022-12-30 01:39:00,-19.827843,-31.065767,23.71875,0.0003222823,0,-19.827843,-31.065767,0.0,0.0,dual_WUH_WLV,True
2022-12-30 01:40:00,-19.82145,-31.07074,23.71875,0.00037449598,0,-19.82145,-31.07074,0.0,0.0,dual_WUH_WLV,True
2022-12-30 01:41:00,-19.878267,-31.07074,23.625,0.000390023,0,-19.878267,-31.07074,0.0,0.0,dual_WUH_WLV,True
2022-12-30 01:42:00,-19.879688,-31.069317,23.71875,0.00038915873,0,-19.879688,-31.069317,0.0,0.0,dual_WUH_WLV,True
2022-12-30 01:43:00,-19.842045,-31.066479,23.6875,0.0004092455,0,-19.842045,-31.066479,0.0,0.0,dual_WUH_WLV,True
2022-12-30 01:44:00,-19.864063,-31.061504,23.6875,0.00046530366,0,-19.864063,-31.061504,0.0,0.0,dual_WUH_WLV,True
2022-12-30 01:45:00,-19.82784,-31.065056,23.6875,0.00051775575,0,-19.82784,-31.065056,0.0,0.0,dual_WUH_WLV,True
2022-12-30 01:46:00,-19.8875,-31.070028,23.625,0.00064241886,0,-19.8875,-31.070028,0.0,0.0,dual_WUH_WLV,True
2022-12-30 01:47:00,-19.839205,-31.057243,23.625,0.0007816255,0,-19.839205,-31.057243,0.0,0.0,dual_WUH_WLV,True
2022-12-30 01:48:00,-19.76108,-31.059376,23.59375,0.0009652674,0,-19.76108,-31.059376,0.0,0.0,dual_WUH_WLV,True
2022-12-30 01:49:00,-19.85128,-31.064346,23.59375,0.0012842417,0,-19.85128,-31.064346,0.0,0.0,dual_WUH_WLV,True
2022-12-30 01:50:00,-19.822159,-31.052273,23.59375,0.0015567243,0,-19.822159,-31.052273,0.0,0.0,dual_WUH_WLV,True
2022-12-30 01:51:00,-19.832102,-31.052982,23.59375,0.0019804835,0,-19.832102,-31.052982,0.0,0.0,dual_WUH_WLV,True
2022-12-30 01:52:00,-19.82074,-31.065767,23.5625,0.0025604665,0,-19.82074,-31.065767,0.0,0.0,dual_WUH_WLV,True
2022-12-30 01:53:00,-19.85767,-31.063637,23.53125,0.0039571226,0,-19.85767,-31.063637,0.0,0.0,dual_WUH_WLV,True
2022-12-30 01:54:00,-19.80014,-31.062925,23.53125,0.008200288,0,-19.80014,-31.062925,0.0,0.0,dual_WUH_WLV,True
2022-12-30 01:55:00,-19.816479,-31.054403,23.59375,0.017879397,0,-19.816479,-31.054403,0.0,0.0,dual_WUH_WLV,True
2022-12-30 01:56:00,-19.787357,-31.052273,23.5625,0.029173106,0,-19.787357,-31.052273,0.0,0.0,dual_WUH_WLV,True
2022-12-30 01:57:00,-19.864063,-31.058664,23.53125,0.035762638,0,-19.864063,-31.058664,0.0,0.0,dual_WUH_WLV,True
2022-12-30 01:58:00,-19.82571,-31.048721,23.5625,0.041087598,0,-19.82571,-31.048721,0.0,0.0,dual_WUH_WLV,True
2022-12-30 01:59:00,-19.847729,-31.047302,23.625,0.051386356,0,-19.847729,-31.047302,0.0,0.0,dual_WUH_WLV,True
2022-12-30 02:00:00,-19.831392,-31.052273,23.59375,0.078660995,0,-19.831392,-31.052273,0.0,0.0,dual_WUH_WLV,True
2022-12-30 02:01:00,-19.776705,-31.063637,23.5625,0.13061616,0,-19.776705,-31.063637,0.0,0.0,dual_WUH_WLV,True
2022-12-30 02:02:00,-19.835653,-31.052273,23.625,0.16475353,0,-19.835653,-31.052273,0.0,0.0,dual_WUH_WLV,True
2022-12-30 02:03:00,-19.878267,-31.053694,23.625,0.19695655,0,-19.878267,-31.053694,0.0,0.0,dual_WUH_WLV,True
2022-12-30 02:04:00,-19.972729,-31.050852,23.6875,0.22749975,0,-19.972729,-31.050852,0.0,0.0,dual_WUH_WLV,True
2022-12-30 02:05:00,-19.932955,-31.04233,23.65625,0.27563143,0,-19.932955,-31.04233,0.0,0.0,dual_WUH_WLV,True
2022-12-30 02:06:00,-19.692188,-31.07287,23.6875,0.32448214,1,-19.927416,-31.043467,0.0,0.0,dual_WUH_WLV,True
2022-12-30 02:07:00,-19.824291,-31.053694,23.6875,0.3525647,1,-19.921875,-31.044603,0.0,0.0,dual_WUH_WLV,True
2022-12-30 02:08:00,-20.13892,-31.04943,23.71875,0.34749585,1,-19.916336,-31.045738,0.2525812983512878,1.9817421285912855,dual_WUH_WLV,True
2022-12-30 02:09:00,-20.144602,-31.022444,23.78125,0.32839516,1,-19.910795,-31.046875,0.2693182826042175,2.089724599472601,dual_WUH_WLV,True
2022-12-30 02:10:00,-19.905256,-31.048012,23.78125,0.28528345,0,-19.905256,-31.048012,0.0,0.0,dual_WUH_WLV,True
2022-12-30 02:11:00,-19.841335,-31.04943,23.71875,0.21151859,0,-19.841335,-31.04943,0.0,0.0,dual_WUH_WLV,True
2022-12-30 02:12:00,-19.847017,-31.063637,23.84375,0.12603909,0,-19.847017,-31.063637,0.0,0.0,dual_WUH_WLV,True
2022-12-30 02:13:00,-19.832813,-31.065767,23.78125,0.06670377,0,-19.832813,-31.065767,0.0,0.0,dual_WUH_WLV,True
2022-12-30 02:14:00,-19.798721,-31.057955,23.75,0.0354141,0,-19.798721,-31.057955,0.0,0.0,dual_WUH_WLV,True
2022-12-30 02:15:00,-19.89318,-31.067898,23.875,0.019974291,0,-19.89318,-31.067898,0.0,0.0,dual_WUH_WLV,True
2022-12-30 02:16:00,-19.866905,-31.056534,23.75,0.014286846,0,-19.866905,-31.056534,0.0,0.0,dual_WUH_WLV,True
2022-12-30 02:17:00,-19.85483,-31.056534,23.875,0.011178106,0,-19.85483,-31.056534,0.0,0.0,dual_WUH_WLV,True
2022-12-30 02:18:00,-19.847729,-31.04943,23.875,0.008748084,0,-19.847729,-31.04943,0.0,0.0,dual_WUH_WLV,True
2022-12-30 02:19:00,-19.869034,-31.059376,23.78125,0.006697595,0,-19.869034,-31.059376,0.0,0.0,dual_WUH_WLV,True
2022-12-30 02:20:00,-19.802982,-31.052982,23.875,0.0046607554,0,-19.802982,-31.052982,0.0,0.0,dual_WUH_WLV,True
2022-12-30 02:21:00,-19.822868,-31.04943,23.84375,0.003045708,0,-19.822868,-31.04943,0.0,0.0,dual_WUH_WLV,True
2022-12-30 02:22:00,-19.849857,-31.052273,23.8125,0.0021350086,0,-19.849857,-31.052273,0.0,0.0,dual_WUH_WLV,True
2022-12-30 02:23:00,-19.884659,-31.056534,23.71875,0.0015775859,0,-19.884659,-31.056534,0.0,0.0,dual_WUH_WLV,True
2022-12-30 02:24:00,-19.82571,-31.055115,23.84375,0.0012125671,0,-19.82571,-31.055115,0.0,0.0,dual_WUH_WLV,True
2022-12-30 02:25:00,-19.843466,-31.052273,23.84375,0.0010112524,0,-19.843466,-31.052273,0.0,0.0,dual_WUH_WLV,True
2022-12-30 02:26:00,-19.845596,-31.04375,23.875,0.0009007454,0,-19.845596,-31.04375,0.0,0.0,dual_WUH_WLV,True
2022-12-30 02:27:00,-19.79659,-31.055824,23.875,0.00074896216,0,-19.79659,-31.055824,0.0,0.0,dual_WUH_WLV,True
2022-12-30 02:28:00,-19.884659,-31.060795,23.90625,0.0006633699,0,-19.884659,-31.060795,0.0,0.0,dual_WUH_WLV,True
2022-12-30 02:29:00,-19.896732,-31.058666,23.84375,0.00055134296,0,-19.896732,-31.058666,0.0,0.0,dual_WUH_WLV,True
2022-12-30 02:30:00,-19.83068,-31.057955,23.875,0.0002655983,0,-19.83068,-31.057955,0.0,0.0,dual_WUH_WLV,True
2022-12-30 02:31:00,-19.867615,-31.059376,23.875,0.00022035837,0,-19.867615,-31.059376,0.0,0.0,dual_WUH_WLV,True
2022-12-30 02:32:00,-19.82713,-31.057243,23.875,0.0001912415,0,-19.82713,-31.057243,0.0,0.0,dual_WUH_WLV,True
2022-12-30 02:33:00,-19.866194,-31.061504,23.875,0.00016593933,0,-19.866194,-31.061504,0.0,0.0,dual_WUH_WLV,True
2022-12-30 02:34:00,-19.825,-31.052982,23.875,0.00015178323,0,-19.825,-31.052982,0.0,0.0,dual_WUH_WLV,True
2022-12-30 02:35:00,-19.841335,-31.054403,23.875,0.00013625622,0,-19.841335,-31.054403,0.0,0.0,dual_WUH_WLV,True
2022-12-30 02:36:00,-19.854118,-31.060085,23.84375,0.00013142824,0,-19.854118,-31.060085,0.0,0.0,dual_WUH_WLV,True
2022-12-30 02:37:00,-19.853409,-31.050852,23.875,0.00013247132,0,-19.853409,-31.050852,0.0,0.0,dual_WUH_WLV,True
2022-12-30 02:38:00,-19.793041,-31.057955,23.875,0.00012868643,0,-19.793041,-31.057955,0.0,0.0,dual_WUH_WLV,True
2022-12-30 02:39:00,-19.82429,-31.053694,23.90625,0.00014862418,0,-19.82429,-31.053694,0.0,0.0,dual_WUH_WLV,True
2022-12-30 02:40:00,-19.837074,-31.063637,23.90625,0.00017380714,0,-19.837074,-31.063637,0.0,0.0,dual_WUH_WLV,True
2022-12-30 02:41:00,-19.832813,-31.061506,23.875,0.0001885593,0,-19.832813,-31.061506,0.0,0.0,dual_WUH_WLV,True
2022-12-30 02:42:00,-19.849857,-31.064346,23.875,0.00018581748,0,-19.849857,-31.064346,0.0,0.0,dual_WUH_WLV,True
2022-12-30 02:43:00,-19.825,-31.059376,23.875,0.00017085671,0,-19.825,-31.059376,0.0,0.0,dual_WUH_WLV,True
2022-12-30 02:44:00,-19.862642,-31.067898,23.84375,0.00015366077,0,-19.862642,-31.067898,0.0,0.0,dual_WUH_WLV,True
2022-12-30 02:45:00,-19.848438,-31.057955,23.8125,0.00013518333,0,-19.848438,-31.057955,0.0,0.0,dual_WUH_WLV,True
2022-12-30 02:46:00,-19.85696,-31.059376,23.84375,0.00011695421,0,-19.85696,-31.059376,0.0,0.0,dual_WUH_WLV,True
2022-12-30 02:47:00,-19.849148,-31.059376,23.8125,0.00010755109,0,-19.849148,-31.059376,0.0,0.0,dual_WUH_WLV,True
2022-12-30 02:48:00,-19.85554,-31.047302,23.84375,0.00010587508,0,-19.85554,-31.047302,0.0,0.0,dual_WUH_WLV,True
2022-12-30 02:49:00,-19.839916,-31.050142,23.71875,0.00010689379,0,-19.839916,-31.050142,0.0,0.0,dual_WUH_WLV,True
2022-12-30 02:50:00,-19.864063,-31.051563,23.6875,0.00010764837,0,-19.864063,-31.051563,0.0,0.0,dual_WUH_WLV,True
2022-12-30 02:51:00,-19.838493,-31.050854,23.6875,0.000113323586,0,-19.838493,-31.050854,0.0,0.0,dual_WUH_WLV,True
2022-12-30 02:52:00,-19.85909,-31.050854,23.71875,0.00013411045,0,-19.85909,-31.050854,0.0,0.0,dual_WUH_WLV,True
2022-12-30 02:53:00,-19.847015,-31.045881,23.6875,0.0001937747,0,-19.847015,-31.045881,0.0,0.0,dual_WUH_WLV,True
2022-12-30 02:54:00,-19.818607,-31.050852,23.6875,0.0003105402,0,-19.818607,-31.050852,0.0,0.0,dual_WUH_WLV,True
2022-12-30 02:55:00,-19.82145,-31.060795,23.65625,0.00042662024,0,-19.82145,-31.060795,0.0,0.0,dual_WUH_WLV,True
2022-12-30 02:56:00,-19.850569,-31.052982,23.59375,0.00046795607,0,-19.850569,-31.052982,0.0,0.0,dual_WUH_WLV,True
2022-12-30 02:57:00,-19.869743,-31.040909,23.65625,0.00045979023,0,-19.869743,-31.040909,0.0,0.0,dual_WUH_WLV,True
2022-12-30 02:58:00,-19.872585,-31.039488,23.59375,0.00043985248,0,-19.872585,-31.039488,0.0,0.0,dual_WUH_WLV,True
2022-12-30 02:59:00,-19.845596,-31.050142,23.625,0.00036796927,0,-19.845596,-31.050142,0.0,0.0,dual_WUH_WLV,True
2022-12-30 03:00:00,-19.844887,-31.056534,23.5625,0.00032299757,0,-19.844887,-31.056534,0.0,0.0,dual_WUH_WLV,True
2022-12-30 03:01:00,-19.836365,-31.050852,23.59375,0.00035512447,0,-19.836365,-31.050852,0.0,0.0,dual_WUH_WLV,True
2022-12-30 03:02:00,-19.82074,-31.055824,23.625,0.00042650104,0,-19.82074,-31.055824,0.0,0.0,dual_WUH_WLV,True
2022-12-30 03:03:00,-19.83139,-31.052273,23.625,0.0004362762,0,-19.83139,-31.052273,0.0,0.0,dual_WUH_WLV,True
2022-12-30 03:04:00,-19.880398,-31.050854,23.65625,0.00032371283,0,-19.880398,-31.050854,0.0,0.0,dual_WUH_WLV,True
2022-12-30 03:05:00,-19.85767,-31.048721,23.625,0.00022307038,0,-19.85767,-31.048721,0.0,0.0,dual_WUH_WLV,True
2022-12-30 03:06:00,-19.882528,-31.05014,23.625,0.00016790628,0,-19.882528,-31.05014,0.0,0.0,dual_WUH_WLV,True
2022-12-30 03:07:00,-19.8527,-31.0402,23.65625,0.00013843179,0,-19.8527,-31.0402,0.0,0.0,dual_WUH_WLV,True
2022-12-30 03:08:00,-19.830683,-31.038778,23.53125,0.00010192409,0,-19.830683,-31.038778,0.0,0.0,dual_WUH_WLV,True
2022-12-30 03:09:00,-19.862642,-31.04233,23.625,7.1824594e-05,0,-19.862642,-31.04233,0.0,0.0,dual_WUH_WLV,True
2022-12-30 03:10:00,-19.88892,-31.052982,23.625,5.8226156e-05,0,-19.88892,-31.052982,0.0,0.0,dual_WUH_WLV,True
2022-12-30 03:11:00,-19.820028,-31.041618,23.53125,4.3531883e-05,0,-19.820028,-31.041618,0.0,0.0,dual_WUH_WLV,True
2022-12-30 03:12:00,-19.848438,-31.048012,23.53125,3.161776e-05,0,-19.848438,-31.048012,0.0,0.0,dual_WUH_WLV,True
2022-12-30 03:13:00,-19.855541,-31.04659,23.53125,2.5314213e-05,0,-19.855541,-31.04659,0.0,0.0,dual_WUH_WLV,True
2022-12-30 03:14:00,-19.85199,-31.03949,23.5,2.0939739e-05,0,-19.85199,-31.03949,0.0,0.0,dual_WUH_WLV,True
2022-12-30 03:15:00,-19.85696,-31.04659,23.5,1.866594e-05,0,-19.85696,-31.04659,0.0,0.0,dual_WUH_WLV,True
2022-12-30 03:16:00,-19.842045,-31.035227,23.5,1.8286708e-05,0,-19.842045,-31.035227,0.0,0.0,dual_WUH_WLV,True
2022-12-30 03:17:00,-19.8527,-31.04517,23.5,1.7947092e-05,0,-19.8527,-31.04517,0.0,0.0,dual_WUH_WLV,True
2022-12-30 03:18:00,-19.846306,-31.04446,23.5,1.688147e-05,0,-19.846306,-31.04446,0.0,0.0,dual_WUH_WLV,True
2022-12-30 03:19:00,-19.864773,-31.04233,23.5,1.6634905e-05,0,-19.864773,-31.04233,0.0,0.0,dual_WUH_WLV,True
2022-12-30 03:20:00,-19.845596,-31.037357,23.5,1.6710304e-05,0,-19.845596,-31.037357,0.0,0.0,dual_WUH_WLV,True
2022-12-30 03:21:00,-19.861221,-31.04446,23.46875,1.7179002e-05,0,-19.861221,-31.04446,0.0,0.0,dual_WUH_WLV,True
2022-12-30 03:22:00,-19.849857,-31.04375,23.40625,1.8960951e-05,0,-19.849857,-31.04375,0.0,0.0,dual_WUH_WLV,True
2022-12-30 03:23:00,-19.8527,-31.04233,23.375,2.2904145e-05,0,-19.8527,-31.04233,0.0,0.0,dual_WUH_WLV,True
2022-12-30 03:24:00,-19.817898,-31.04446,23.21875,2.6676596e-05,0,-19.817898,-31.04446,0.0,0.0,dual_WUH_WLV,True
2022-12-30 03:25:00,-19.837074,-31.039488,23.21875,2.8269307e-05,0,-19.837074,-31.039488,0.0,0.0,dual_WUH_WLV,True
2022-12-30 03:26:00,-19.835653,-31.030966,23.1875,2.9811108e-05,0,-19.835653,-31.030966,0.0,0.0,dual_WUH_WLV,True
2022-12-30 03:27:00,-19.849148,-31.034517,23.1875,3.267559e-05,0,-19.849148,-31.034517,0.0,0.0,dual_WUH_WLV,True
2022-12-30 03:28:00,-19.820028,-31.026705,23.15625,3.417163e-05,0,-19.820028,-31.026705,0.0,0.0,dual_WUH_WLV,True
2022-12-30 03:29:00,-19.82003,-31.025284,23.15625,3.5508616e-05,0,-19.82003,-31.025284,0.0,0.0,dual_WUH_WLV,True
2022-12-30 03:30:00,-19.843466,-31.028835,23.125,1.0726933e-05,0,-19.843466,-31.028835,0.0,0.0,dual_WUH_WLV,True
2022-12-30 03:31:00,-19.827843,-31.033806,23.1875,1.2002968e-05,0,-19.827843,-31.033806,0.0,0.0,dual_WUH_WLV,True
2022-12-30 03:32:00,-19.815058,-31.019604,23.1875,1.1875921e-05,0,-19.815058,-31.019604,0.0,0.0,dual_WUH_WLV,True
2022-12-30 03:33:00,-19.832102,-31.025993,23.15625,1.0059498e-05,0,-19.832102,-31.025993,0.0,0.0,dual_WUH_WLV,True
2022-12-30 03:34:00,-19.85625,-31.021023,23.1875,9.5520945e-06,0,-19.85625,-31.021023,0.0,0.0,dual_WUH_WLV,True
2022-12-30 03:35:00,-19.85696,-31.028126,23.21875,1.0069797e-05,0,-19.85696,-31.028126,0.0,0.0,dual_WUH_WLV,True
2022-12-30 03:36:00,-19.850569,-31.01818,23.21875,1.0640148e-05,0,-19.850569,-31.01818,0.0,0.0,dual_WUH_WLV,True
2022-12-30 03:37:00,-19.83068,-31.035229,23.3125,1.2211036e-05,0,-19.83068,-31.035229,0.0,0.0,dual_WUH_WLV,True
2022-12-30 03:38:00,-19.842754,-31.025993,23.21875,1.4509735e-05,0,-19.842754,-31.025993,0.0,0.0,dual_WUH_WLV,True
2022-12-30 03:39:00,-19.861221,-31.028126,23.15625,1.4972494e-05,0,-19.861221,-31.028126,0.0,0.0,dual_WUH_WLV,True
2022-12-30 03:40:00,-19.865482,-31.032387,23.1875,1.4647054e-05,0,-19.865482,-31.032387,0.0,0.0,dual_WUH_WLV,True
2022-12-30 03:41:00,-19.85838,-31.028126,23.28125,1.5014403e-05,0,-19.85838,-31.028126,0.0,0.0,dual_WUH_WLV,True
2022-12-30 03:42:00,-19.85696,-31.032387,23.25,1.5161688e-05,0,-19.85696,-31.032387,0.0,0.0,dual_WUH_WLV,True
2022-12-30 03:43:00,-19.861221,-31.021732,23.28125,1.6983719e-05,0,-19.861221,-31.021732,0.0,0.0,dual_WUH_WLV,True
2022-12-30 03:44:00,-19.869034,-31.021732,23.21875,2.0192087e-05,0,-19.869034,-31.021732,0.0,0.0,dual_WUH_WLV,True
2022-12-30 03:45:00,-19.853409,-31.022444,23.28125,2.1896096e-05,0,-19.853409,-31.022444,0.0,0.0,dual_WUH_WLV,True
2022-12-30 03:46:00,-19.847727,-31.022444,23.3125,2.4781162e-05,0,-19.847727,-31.022444,0.0,0.0,dual_WUH_WLV,True
2022-12-30 03:47:00,-19.876137,-31.021732,23.34375,2.6554177e-05,0,-19.876137,-31.021732,0.0,0.0,dual_WUH_WLV,True
2022-12-30 03:48:00,-19.861221,-31.017471,23.28125,2.9469138e-05,0,-19.861221,-31.017471,0.0,0.0,dual_WUH_WLV,True
2022-12-30 03:49:00,-19.849857,-31.022444,23.25,3.130733e-05,0,-19.849857,-31.022444,0.0,0.0,dual_WUH_WLV,True
2022-12-30 03:50:00,-19.85696,-31.025993,23.375,3.4582943e-05,0,-19.85696,-31.025993,0.0,0.0,dual_WUH_WLV,True
2022-12-30 03:51:00,-19.872585,-31.037357,23.3125,3.5455254e-05,0,-19.872585,-31.037357,0.0,0.0,dual_WUH_WLV,True
2022-12-30 03:52:00,-19.848438,-31.022442,23.375,3.702884e-05,0,-19.848438,-31.022442,0.0,0.0,dual_WUH_WLV,True
2022-12-30 03:53:00,-19.870455,-31.01321,23.21875,3.955214e-05,0,-19.870455,-31.01321,0.0,0.0,dual_WUH_WLV,True
2022-12-30 03:54:00,-19.855541,-31.017471,23.1875,4.0024053e-05,0,-19.855541,-31.017471,0.0,0.0,dual_WUH_WLV,True
2022-12-30 03:55:00,-19.881107,-31.032387,23.25,4.7028134e-05,0,-19.881107,-31.032387,0.0,0.0,dual_WUH_WLV,True
2022-12-30 03:56:00,-19.837074,-31.016762,23.1875,5.7777997e-05,0,-19.837074,-31.016762,0.0,0.0,dual_WUH_WLV,True
2022-12-30 03:57:00,-19.842756,-31.023153,23.21875,7.650393e-05,0,-19.842756,-31.023153,0.0,0.0,dual_WUH_WLV,True
2022-12-30 03:58:00,-19.834942,-31.01463,23.15625,9.2650924e-05,0,-19.834942,-31.01463,0.0,0.0,dual_WUH_WLV,True
2022-12-30 03:59:00,-19.837784,-31.029545,23.1875,9.717914e-05,0,-19.837784,-31.029545,0.0,0.0,dual_WUH_WLV,True
2022-12-30 04:00:00,-19.861221,-31.017471,23.1875,9.347543e-05,0,-19.861221,-31.017471,0.0,0.0,dual_WUH_WLV,True
2022-12-30 04:01:00,-19.868324,-31.016052,23.1875,9.384047e-05,0,-19.868324,-31.016052,0.0,0.0,dual_WUH_WLV,True
2022-12-30 04:02:00,-19.846306,-31.0125,23.1875,9.878709e-05,0,-19.846306,-31.0125,0.0,0.0,dual_WUH_WLV,True
2022-12-30 04:03:00,-19.837784,-31.024574,23.1875,0.00010447288,0,-19.837784,-31.024574,0.0,0.0,dual_WUH_WLV,True
2022-12-30 04:04:00,-19.85696,-31.023155,23.1875,9.630332e-05,0,-19.85696,-31.023155,0.0,0.0,dual_WUH_WLV,True
2022-12-30 04:05:00,-19.878979,-31.01818,23.1875,8.2332226e-05,0,-19.878979,-31.01818,0.0,0.0,dual_WUH_WLV,True
2022-12-30 04:06:00,-19.868324,-31.01321,23.15625,7.47253e-05,0,-19.868324,-31.01321,0.0,0.0,dual_WUH_WLV,True
2022-12-30 04:07:00,-19.894604,-31.019604,23.125,6.7218694e-05,0,-19.894604,-31.019604,0.0,0.0,dual_WUH_WLV,True
2022-12-30 04:08:00,-19.82784,-31.006107,23.0,5.752898e-05,0,-19.82784,-31.006107,0.0,0.0,dual_WUH_WLV,True
2022-12-30 04:09:00,-19.864773,-31.01463,22.9375,4.795042e-05,0,-19.864773,-31.01463,0.0,0.0,dual_WUH_WLV,True
2022-12-30 04:10:00,-19.806534,-31.01605,22.90625,3.916642e-05,0,-19.806534,-31.01605,0.0,0.0,dual_WUH_WLV,True
2022-12-30 04:11:00,-19.88963,-31.017471,22.90625,3.3052027e-05,0,-19.88963,-31.017471,0.0,0.0,dual_WUH_WLV,True
2022-12-30 04:12:00,-19.835653,-31.009659,22.8125,2.6645195e-05,0,-19.835653,-31.009659,0.0,0.0,dual_WUH_WLV,True
2022-12-30 04:13:00,-19.853409,-31.01392,22.8125,2.21433e-05,0,-19.853409,-31.01392,0.0,0.0,dual_WUH_WLV,True
2022-12-30 04:14:00,-19.862642,-31.014631,22.78125,1.821274e-05,0,-19.862642,-31.014631,0.0,0.0,dual_WUH_WLV,True
2022-12-30 04:15:00,-19.825,-31.009659,22.75,1.5865873e-05,0,-19.825,-31.009659,0.0,0.0,dual_WUH_WLV,True
2022-12-30 04:16:00,-19.881817,-31.006817,22.78125,1.4149092e-05,0,-19.881817,-31.006817,0.0,0.0,dual_WUH_WLV,True
2022-12-30 04:17:00,-19.848438,-30.999716,22.8125,1.41110095e-05,0,-19.848438,-30.999716,0.0,0.0,dual_WUH_WLV,True
2022-12-30 04:18:00,-19.843468,-31.017471,22.8125,1.378877e-05,0,-19.843468,-31.017471,0.0,0.0,dual_WUH_WLV,True
2022-12-30 04:19:00,-19.842045,-31.00824,22.8125,1.3375474e-05,0,-19.842045,-31.00824,0.0,0.0,dual_WUH_WLV,True
2022-12-30 04:20:00,-19.864063,-31.000427,22.84375,1.3211629e-05,0,-19.864063,-31.000427,0.0,0.0,dual_WUH_WLV,True
2022-12-30 04:21:00,-19.865482,-31.016762,22.9375,1.3411596e-05,0,-19.865482,-31.016762,0.0,0.0,dual_WUH_WLV,True
2022-12-30 04:22:00,-19.847727,-31.00895,22.96875,1.2967293e-05,0,-19.847727,-31.00895,0.0,0.0,dual_WUH_WLV,True
2022-12-30 04:23:00,-19.850569,-31.01108,23.0,1.2098309e-05,0,-19.850569,-31.01108,0.0,0.0,dual_WUH_WLV,True
2022-12-30 04:24:00,-19.8875,-31.01108,23.03125,1.1334612e-05,0,-19.8875,-31.01108,0.0,0.0,dual_WUH_WLV,True
2022-12-30 04:25:00,-19.844887,-31.000427,23.0625,1.19043825e-05,0,-19.844887,-31.000427,0.0,0.0,dual_WUH_WLV,True
2022-12-30 04:26:00,-19.869745,-31.010368,23.03125,1.2323897e-05,0,-19.869745,-31.010368,0.0,0.0,dual_WUH_WLV,True
2022-12-30 04:27:00,-19.85554,-31.00753,23.0625,1.2877244e-05,0,-19.85554,-31.00753,0.0,0.0,dual_WUH_WLV,True
2022-12-30 04:28:00,-19.85483,-31.006817,23.15625,1.5557427e-05,0,-19.85483,-31.006817,0.0,0.0,dual_WUH_WLV,True
2022-12-30 04:29:00,-19.863354,-31.010368,23.03125,1.7118753e-05,0,-19.863354,-31.010368,0.0,0.0,dual_WUH_WLV,True
2022-12-30 04:30:00,-19.850567,-31.002556,23.0,1.3800663e-05,0,-19.850567,-31.002556,0.0,0.0,dual_WUH_WLV,True
2022-12-30 04:31:00,-19.861221,-31.009659,23.0,1.5030076e-05,0,-19.861221,-31.009659,0.0,0.0,dual_WUH_WLV,True
2022-12-30 04:32:00,-19.896732,-31.004688,23.03125,1.573499e-05,0,-19.896732,-31.004688,0.0,0.0,dual_WUH_WLV,True
2022-12-30 04:33:00,-19.842045,-31.003977,22.96875,1.775232e-05,0,-19.842045,-31.003977,0.0,0.0,dual_WUH_WLV,True
2022-12-30 04:34:00,-19.85838,-31.004688,23.0,1.8800967e-05,0,-19.85838,-31.004688,0.0,0.0,dual_WUH_WLV,True
2022-12-30 04:35:00,-19.849857,-30.993324,22.96875,1.8635115e-05,0,-19.849857,-30.993324,0.0,0.0,dual_WUH_WLV,True
2022-12-30 04:36:00,-19.881107,-31.010368,22.90625,1.8906674e-05,0,-19.881107,-31.010368,0.0,0.0,dual_WUH_WLV,True
2022-12-30 04:37:00,-19.882528,-31.001137,22.84375,1.9383517e-05,0,-19.882528,-31.001137,0.0,0.0,dual_WUH_WLV,True
2022-12-30 04:38:00,-19.853409,-31.004688,22.8125,2.1056525e-05,0,-19.853409,-31.004688,0.0,0.0,dual_WUH_WLV,True
2022-12-30 04:39:00,-19.842754,-30.997585,22.8125,2.3119344e-05,0,-19.842754,-30.997585,0.0,0.0,dual_WUH_WLV,True
2022-12-30 04:40:00,-19.861221,-30.998295,22.71875,2.4418847e-05,0,-19.861221,-30.998295,0.0,0.0,dual_WUH_WLV,True
2022-12-30 04:41:00,-19.851278,-31.006817,22.71875,2.4401039e-05,0,-19.851278,-31.006817,0.0,0.0,dual_WUH_WLV,True
2022-12-30 04:42:00,-19.876137,-31.003979,22.6875,2.4094505e-05,0,-19.876137,-31.003979,0.0,0.0,dual_WUH_WLV,True
2022-12-30 04:43:00,-19.858381,-30.996876,22.71875,2.4268595e-05,0,-19.858381,-30.996876,0.0,0.0,dual_WUH_WLV,True
2022-12-30 04:44:00,-19.85554,-30.994743,22.71875,2.414435e-05,0,-19.85554,-30.994743,0.0,0.0,dual_WUH_WLV,True
2022-12-30 04:45:00,-19.88608,-30.98693,22.71875,2.5694762e-05,0,-19.88608,-30.98693,0.0,0.0,dual_WUH_WLV,True
2022-12-30 04:46:00,-19.877556,-31.00824,22.78125,2.8848788e-05,0,-19.877556,-31.00824,0.0,0.0,dual_WUH_WLV,True
2022-12-30 04:47:00,-19.881107,-31.001137,22.75,3.664623e-05,0,-19.881107,-31.001137,0.0,0.0,dual_WUH_WLV,True
2022-12-30 04:48:00,-19.881107,-31.002556,22.71875,4.4714572e-05,0,-19.881107,-31.002556,0.0,0.0,dual_WUH_WLV,True
2022-12-30 04:49:00,-19.86193,-30.994743,22.75,4.8067173e-05,0,-19.86193,-30.994743,0.0,0.0,dual_WUH_WLV,True
2022-12-30 04:50:00,-19.898153,-30.988354,22.8125,4.923193e-05,0,-19.898153,-30.988354,0.0,0.0,dual_WUH_WLV,True
2022-12-30 04:51:00,-19.898155,-30.993324,22.8125,5.3911437e-05,0,-19.898155,-30.993324,0.0,0.0,dual_WUH_WLV,True
2022-12-30 04:52:00,-19.866903,-30.987642,22.8125,6.248787e-05,0,-19.866903,-30.987642,0.0,0.0,dual_WUH_WLV,True
2022-12-30 04:53:00,-19.89318,-30.991192,22.875,7.979289e-05,0,-19.89318,-30.991192,0.0,0.0,dual_WUH_WLV,True
2022-12-30 04:54:00,-19.89318,-30.996876,22.8125,0.00010939062,0,-19.89318,-30.996876,0.0,0.0,dual_WUH_WLV,True
2022-12-30 04:55:00,-19.863352,-30.987642,22.84375,0.00016006827,0,-19.863352,-30.987642,0.0,0.0,dual_WUH_WLV,True
2022-12-30 04:56:00,-19.892471,-30.989773,22.9375,0.0002206862,0,-19.892471,-30.989773,0.0,0.0,dual_WUH_WLV,True
2022-12-30 04:57:00,-19.880398,-30.995455,22.875,0.00026020408,0,-19.880398,-30.995455,0.0,0.0,dual_WUH_WLV,True
2022-12-30 04:58:00,-19.905966,-30.996876,22.8125,0.00030383468,0,-19.905966,-30.996876,0.0,0.0,dual_WUH_WLV,True
2022-12-30 04:59:00,-19.940767,-30.993324,22.875,0.00033453107,0,-19.940767,-30.993324,0.0,0.0,dual_WUH_WLV,True
2022-12-30 05:00:00,-19.907387,-30.986221,22.90625,0.00037410855,0,-19.907387,-30.986221,0.0,0.0,dual_WUH_WLV,True
2022-12-30 05:01:00,-19.86193,-30.98409,22.90625,0.0004017651,0,-19.86193,-30.98409,0.0,0.0,dual_WUH_WLV,True
2022-12-30 05:02:00,-19.897444,-30.991192,22.875,0.00040885806,0,-19.897444,-30.991192,0.0,0.0,dual_WUH_WLV,True
2022-12-30 05:03:00,-19.899574,-30.989063,22.875,0.0003849864,0,-19.899574,-30.989063,0.0,0.0,dual_WUH_WLV,True
2022-12-30 05:04:00,-19.923721,-30.991192,22.9375,0.00033798814,0,-19.923721,-30.991192,0.0,0.0,dual_WUH_WLV,True
2022-12-30 05:05:00,-19.918041,-30.992615,22.90625,0.0003041625,0,-19.918041,-30.992615,0.0,0.0,dual_WUH_WLV,True
2022-12-30 05:06:00,-19.911648,-30.9848,22.875,0.0002733767,0,-19.911648,-30.9848,0.0,0.0,dual_WUH_WLV,True
2022-12-30 05:07:00,-19.896732,-30.997585,22.875,0.00024825335,0,-19.896732,-30.997585,0.0,0.0,dual_WUH_WLV,True
2022-12-30 05:08:00,-19.903835,-30.999716,22.90625,0.00020816922,0,-19.903835,-30.999716,0.0,0.0,dual_WUH_WLV,True
2022-12-30 05:09:00,-19.91449,-30.988354,22.84375,0.00017738342,0,-19.91449,-30.988354,0.0,0.0,dual_WUH_WLV,True
2022-12-30 05:10:00,-19.908806,-30.990482,22.78125,0.00016096234,0,-19.908806,-30.990482,0.0,0.0,dual_WUH_WLV,True
2022-12-30 05:11:00,-19.91449,-30.996876,22.875,0.00015601516,0,-19.91449,-30.996876,0.0,0.0,dual_WUH_WLV,True
2022-12-30 05:12:00,-19.85909,-30.97628,22.90625,0.00014922023,0,-19.85909,-30.97628,0.0,0.0,dual_WUH_WLV,True
2022-12-30 05:13:00,-19.88821,-30.999716,22.90625,0.00013849139,0,-19.88821,-30.999716,0.0,0.0,dual_WUH_WLV,True
2022-12-30 05:14:00,-19.922302,-30.985512,22.9375,0.00012493134,0,-19.922302,-30.985512,0.0,0.0,dual_WUH_WLV,True
2022-12-30 05:15:00,-19.91946,-30.990482,22.84375,0.00010991002,0,-19.91946,-30.990482,0.0,0.0,dual_WUH_WLV,True
2022-12-30 05:16:00,-19.940767,-30.997585,22.875,9.798533e-05,0,-19.940767,-30.997585,0.0,0.0,dual_WUH_WLV,True
2022-12-30 05:17:00,-19.88395,-31.002556,22.875,8.937326e-05,0,-19.88395,-31.002556,0.0,0.0,dual_WUH_WLV,True
2022-12-30 05:18:00,-19.906677,-30.993324,22.84375,8.0391954e-05,0,-19.906677,-30.993324,0.0,0.0,dual_WUH_WLV,True
2022-12-30 05:19:00,-19.91946,-30.991192,22.84375,6.930894e-05,0,-19.91946,-30.991192,0.0,0.0,dual_WUH_WLV,True
2022-12-30 05:20:00,-19.931534,-30.995455,22.84375,6.620295e-05,0,-19.931534,-30.995455,0.0,0.0,dual_WUH_WLV,True
2022-12-30 05:21:00,-19.92017,-30.994743,22.78125,6.1167666e-05,0,-19.92017,-30.994743,0.0,0.0,dual_WUH_WLV,True
2022-12-30 05:22:00,-19.880398,-30.989063,22.75,5.0672792e-05,0,-19.880398,-30.989063,0.0,0.0,dual_WUH_WLV,True
2022-12-30 05:23:00,-19.923721,-30.991903,22.75,3.960608e-05,0,-19.923721,-30.991903,0.0,0.0,dual_WUH_WLV,True
2022-12-30 05:24:00,-19.915909,-30.978409,22.6875,3.323355e-05,0,-19.915909,-30.978409,0.0,0.0,dual_WUH_WLV,True
2022-12-30 05:25:00,-19.918041,-30.98125,22.625,3.0905667e-05,0,-19.918041,-30.98125,0.0,0.0,dual_WUH_WLV,True
2022-12-30 05:26:00,-19.9152,-30.984093,22.6875,2.9771674e-05,0,-19.9152,-30.984093,0.0,0.0,dual_WUH_WLV,True
2022-12-30 05:27:00,-19.905968,-30.985512,22.71875,3.566667e-05,0,-19.905968,-30.985512,0.0,0.0,dual_WUH_WLV,True
2022-12-30 05:28:00,-19.893892,-30.98267,22.71875,4.8086702e-05,0,-19.893892,-30.98267,0.0,0.0,dual_WUH_WLV,True
2022-12-30 05:29:00,-19.906677,-30.990482,22.75,5.7964266e-05,0,-19.906677,-30.990482,0.0,0.0,dual_WUH_WLV,True
2022-12-30 05:30:00,-19.901705,-30.979118,22.78125,5.0010844e-05,0,-19.901705,-30.979118,0.0,0.0,dual_WUH_WLV,True
2022-12-30 05:31:00,-19.932955,-30.989773,22.78125,3.9623304e-05,0,-19.932955,-30.989773,0.0,0.0,dual_WUH_WLV,True
2022-12-30 05:32:00,-19.942898,-30.98196,22.8125,3.1022602e-05,0,-19.942898,-30.98196,0.0,0.0,dual_WUH_WLV,True
2022-12-30 05:33:00,-19.925852,-30.983381,22.875,2.5362251e-05,0,-19.925852,-30.983381,0.0,0.0,dual_WUH_WLV,True
2022-12-30 05:34:00,-19.94574,-30.984802,22.875,2.2993965e-05,0,-19.94574,-30.984802,0.0,0.0,dual_WUH_WLV,True
2022-12-30 05:35:00,-19.925854,-30.988352,22.84375,2.2676846e-05,0,-19.925854,-30.988352,0.0,0.0,dual_WUH_WLV,True
2022-12-30 05:36:00,-19.933666,-30.983381,22.90625,2.5462245e-05,0,-19.933666,-30.983381,0.0,0.0,dual_WUH_WLV,True
2022-12-30 05:37:00,-19.925852,-30.992615,22.875,2.8246914e-05,0,-19.925852,-30.992615,0.0,0.0,dual_WUH_WLV,True
2022-12-30 05:38:00,-19.91733,-30.991903,22.90625,2.8909297e-05,0,-19.91733,-30.991903,0.0,0.0,dual_WUH_WLV,True
2022-12-30 05:39:00,-19.938637,-30.991194,22.9375,2.68096e-05,0,-19.938637,-30.991194,0.0,0.0,dual_WUH_WLV,True
2022-12-30 05:40:00,-19.945028,-30.994034,22.9375,2.406059e-05,0,-19.945028,-30.994034,0.0,0.0,dual_WUH_WLV,True
2022-12-30 05:41:00,-19.931534,-30.98196,22.9375,2.240889e-05,0,-19.931534,-30.98196,0.0,0.0,dual_WUH_WLV,True
2022-12-30 05:42:00,-19.92443,-30.996164,23.0,2.0984518e-05,0,-19.92443,-30.996164,0.0,0.0,dual_WUH_WLV,True
2022-12-30 05:43:00,-19.934376,-30.994743,22.9375,1.946287e-05,0,-19.934376,-30.994743,0.0,0.0,dual_WUH_WLV,True
2022-12-30 05:44:00,-19.942898,-30.990482,22.9375,1.8008299e-05,0,-19.942898,-30.990482,0.0,0.0,dual_WUH_WLV,True
2022-12-30 05:45:00,-19.933666,-30.985512,23.0,1.7594224e-05,0,-19.933666,-30.985512,0.0,0.0,dual_WUH_WLV,True
2022-12-30 05:46:00,-19.932955,-30.994743,22.875,1.6913651e-05,0,-19.932955,-30.994743,0.0,0.0,dual_WUH_WLV,True
2022-12-30 05:47:00,-19.947868,-30.979118,22.90625,1.8491612e-05,0,-19.947868,-30.979118,0.0,0.0,dual_WUH_WLV,True
2022-12-30 05:48:00,-19.91449,-30.991905,22.90625,2.16352e-05,0,-19.91449,-30.991905,0.0,0.0,dual_WUH_WLV,True
2022-12-30 05:49:00,-19.925852,-30.989773,22.875,2.4689589e-05,0,-19.925852,-30.989773,0.0,0.0,dual_WUH_WLV,True
2022-12-30 05:50:00,-19.905966,-30.991194,22.84375,2.7615108e-05,0,-19.905966,-30.991194,0.0,0.0,dual_WUH_WLV,True
2022-12-30 05:51:00,-19.945738,-30.979118,22.875,2.954568e-05,0,-19.945738,-30.979118,0.0,0.0,dual_WUH_WLV,True
2022-12-30 05:52:00,-19.932955,-30.996876,22.84375,3.097424e-05,0,-19.932955,-30.996876,0.0,0.0,dual_WUH_WLV,True
2022-12-30 05:53:00,-19.930824,-30.98409,22.875,3.3679407e-05,0,-19.930824,-30.98409,0.0,0.0,dual_WUH_WLV,True
2022-12-30 05:54:00,-19.91733,-30.991903,22.8125,3.6621914e-05,0,-19.91733,-30.991903,0.0,0.0,dual_WUH_WLV,True
2022-12-30 05:55:00,-19.94574,-31.002556,22.90625,3.9027644e-05,0,-19.94574,-31.002556,0.0,0.0,dual_WUH_WLV,True
2022-12-30 05:56:00,-19.929403,-30.97699,22.90625,3.9573228e-05,0,-19.929403,-30.97699,0.0,0.0,dual_WUH_WLV,True
2022-12-30 05:57:00,-19.930824,-30.98693,22.875,4.068541e-05,0,-19.930824,-30.98693,0.0,0.0,dual_WUH_WLV,True
2022-12-30 05:58:00,-19.959942,-30.999006,22.875,4.2584747e-05,0,-19.959942,-30.999006,0.0,0.0,dual_WUH_WLV,True
2022-12-30 05:59:00,-19.934376,-30.989773,22.8125,4.5696004e-05,0,-19.934376,-30.989773,0.0,0.0,dual_WUH_WLV,True
2022-12-30 06:00:00,-19.905968,-30.995453,22.9375,4.922367e-05,0,-19.905968,-30.995453,0.0,0.0,dual_WUH_WLV,True
2022-12-30 06:01:00,-19.942188,-31.001137,22.875,4.885174e-05,0,-19.942188,-31.001137,0.0,0.0,dual_WUH_WLV,True
2022-12-30 06:02:00,-19.934376,-31.002556,22.84375,4.0819334e-05,0,-19.934376,-31.002556,0.0,0.0,dual_WUH_WLV,True
2022-12-30 06:03:00,-19.937216,-30.996876,22.875,3.389749e-05,0,-19.937216,-30.996876,0.0,0.0,dual_WUH_WLV,True
2022-12-30 06:04:00,-19.944319,-30.984802,22.84375,2.8085798e-05,0,-19.944319,-30.984802,0.0,0.0,dual_WUH_WLV,True
2022-12-30 06:05:00,-19.900284,-30.993324,22.84375,2.4148472e-05,0,-19.900284,-30.993324,0.0,0.0,dual_WUH_WLV,True
2022-12-30 06:06:00,-19.94574,-30.989063,22.84375,2.1949074e-05,0,-19.94574,-30.989063,0.0,0.0,dual_WUH_WLV,True
2022-12-30 06:07:00,-19.9152,-31.01179,22.8125,2.0884276e-05,0,-19.9152,-31.01179,0.0,0.0,dual_WUH_WLV,True
2022-12-30 06:08:00,-19.91875,-30.991194,22.875,2.2487931e-05,0,-19.91875,-30.991194,0.0,0.0,dual_WUH_WLV,True
2022-12-30 06:09:00,-19.926563,-30.998295,22.8125,2.21798e-05,0,-19.926563,-30.998295,0.0,0.0,dual_WUH_WLV,True
2022-12-30 06:10:00,-19.91449,-30.994034,22.8125,2.0813988e-05,0,-19.91449,-30.994034,0.0,0.0,dual_WUH_WLV,True
2022-12-30 06:11:00,-19.934376,-31.003979,22.8125,1.698278e-05,0,-19.934376,-31.003979,0.0,0.0,dual_WUH_WLV,True
2022-12-30 06:12:00,-19.923012,-30.996166,22.78125,1.4032731e-05,0,-19.923012,-30.996166,0.0,0.0,dual_WUH_WLV,True
2022-12-30 06:13:00,-19.945028,-30.986933,22.75,1.2299757e-05,0,-19.945028,-30.986933,0.0,0.0,dual_WUH_WLV,True
2022-12-30 06:14:00,-19.927982,-30.996876,22.78125,1.092493e-05,0,-19.927982,-30.996876,0.0,0.0,dual_WUH_WLV,True
2022-12-30 06:15:00,-19.88963,-30.997585,22.78125,8.803663e-06,0,-19.88963,-30.997585,0.0,0.0,dual_WUH_WLV,True
2022-12-30 06:16:00,-19.942188,-31.003267,22.78125,7.992895e-06,0,-19.942188,-31.003267,0.0,0.0,dual_WUH_WLV,True
2022-12-30 06:17:00,-19.898153,-30.991905,22.75,7.791427e-06,0,-19.898153,-30.991905,0.0,0.0,dual_WUH_WLV,True
2022-12-30 06:18:00,-19.900993,-30.998295,22.78125,6.2515373e-06,0,-19.900993,-30.998295,0.0,0.0,dual_WUH_WLV,True
2022-12-30 06:19:00,-19.935085,-31.003979,22.84375,5.0907056e-06,0,-19.935085,-31.003979,0.0,0.0,dual_WUH_WLV,True
2022-12-30 06:20:00,-19.898153,-30.98409,22.8125,4.897916e-06,0,-19.898153,-30.98409,0.0,0.0,dual_WUH_WLV,True
2022-12-30 06:21:00,-19.947159,-30.999004,22.8125,4.596995e-06,0,-19.947159,-30.999004,0.0,0.0,dual_WUH_WLV,True
2022-12-30 06:22:00,-19.913067,-31.00824,22.9375,5.402263e-06,0,-19.913067,-31.00824,0.0,0.0,dual_WUH_WLV,True
2022-12-30 06:23:00,-19.891052,-30.998295,22.84375,5.9476492e-06,0,-19.891052,-30.998295,0.0,0.0,dual_WUH_WLV,True
2022-12-30 06:24:00,-19.908808,-30.999716,22.875,5.5718097e-06,0,-19.908808,-30.999716,0.0,0.0,dual_WUH_WLV,True
2022-12-30 06:25:00,-19.927273,-30.996166,22.90625,6.0235457e-06,0,-19.927273,-30.996166,0.0,0.0,dual_WUH_WLV,True
2022-12-30 06:26:00,-19.905256,-30.996164,22.9375,6.3249026e-06,0,-19.905256,-30.996164,0.0,0.0,dual_WUH_WLV,True
2022-12-30 06:27:00,-19.923012,-30.994034,22.9375,6.9597427e-06,0,-19.923012,-30.994034,0.0,0.0,dual_WUH_WLV,True
2022-12-30 06:28:00,-19.930115,-30.999716,23.0625,8.4891435e-06,0,-19.930115,-30.999716,0.0,0.0,dual_WUH_WLV,True
2022-12-30 06:29:00,-19.91733,-30.990482,22.9375,1.13956985e-05,0,-19.91733,-30.990482,0.0,0.0,dual_WUH_WLV,True
2022-12-30 06:30:00,-19.91449,-31.004688,23.0,2.1422484e-06,0,-19.91449,-31.004688,0.0,0.0,dual_WUH_WLV,True
2022-12-30 06:31:00,-19.926563,-30.994743,23.09375,2.5937206e-06,0,-19.926563,-30.994743,0.0,0.0,dual_WUH_WLV,True
2022-12-30 06:32:00,-19.940056,-31.002558,23.0625,2.899706e-06,0,-19.940056,-31.002558,0.0,0.0,dual_WUH_WLV,True
2022-12-30 06:33:00,-19.935795,-30.997585,23.1875,3.2684427e-06,0,-19.935795,-30.997585,0.0,0.0,dual_WUH_WLV,True
2022-12-30 06:34:00,-19.9152,-31.003979,23.15625,3.9304286e-06,0,-19.9152,-31.003979,0.0,0.0,dual_WUH_WLV,True
2022-12-30 06:35:00,-19.91946,-30.989773,23.15625,4.5336997e-06,0,-19.91946,-30.989773,0.0,0.0,dual_WUH_WLV,True
2022-12-30 06:36:00,-19.91946,-30.999716,23.1875,5.130295e-06,0,-19.91946,-30.999716,0.0,0.0,dual_WUH_WLV,True
2022-12-30 06:37:00,-19.974148,-31.003267,23.1875,5.4684565e-06,0,-19.974148,-31.003267,0.0,0.0,dual_WUH_WLV,True
2022-12-30 06:38:00,-19.930115,-31.006107,23.1875,5.773187e-06,0,-19.930115,-31.006107,0.0,0.0,dual_WUH_WLV,True
2022-12-30 06:39:00,-19.954262,-31.004688,23.1875,5.9943713e-06,0,-19.954262,-31.004688,0.0,0.0,dual_WUH_WLV,True
2022-12-30 06:40:00,-19.92088,-31.006819,23.1875,6.0141665e-06,0,-19.92088,-31.006819,0.0,0.0,dual_WUH_WLV,True
2022-12-30 06:41:00,-19.958523,-31.006817,23.21875,6.488839e-06,0,-19.958523,-31.006817,0.0,0.0,dual_WUH_WLV,True
2022-12-30 06:42:00,-19.92088,-31.01534,23.1875,6.3761267e-06,0,-19.92088,-31.01534,0.0,0.0,dual_WUH_WLV,True
2022-12-30 06:43:00,-19.91733,-31.01108,23.21875,5.8969536e-06,0,-19.91733,-31.01108,0.0,0.0,dual_WUH_WLV,True
2022-12-30 06:44:00,-19.912357,-31.006819,23.25,5.4625457e-06,0,-19.912357,-31.006819,0.0,0.0,dual_WUH_WLV,True
2022-12-30 06:45:00,-19.944319,-31.006107,23.21875,5.4151274e-06,0,-19.944319,-31.006107,0.0,0.0,dual_WUH_WLV,True
2022-12-30 06:46:00,-19.9152,-31.00824,23.3125,5.88584e-06,0,-19.9152,-31.00824,0.0,0.0,dual_WUH_WLV,True
2022-12-30 06:47:00,-19.929403,-31.01108,23.3125,6.827375e-06,0,-19.929403,-31.01108,0.0,0.0,dual_WUH_WLV,True
2022-12-30 06:48:00,-19.930115,-31.014631,23.40625,8.574168e-06,0,-19.930115,-31.014631,0.0,0.0,dual_WUH_WLV,True
2022-12-30 06:49:00,-19.953552,-31.018892,23.4375,1.10397405e-05,0,-19.953552,-31.018892,0.0,0.0,dual_WUH_WLV,True
2022-12-30 06:50:00,-19.944319,-31.006817,23.46875,1.37643065e-05,0,-19.944319,-31.006817,0.0,0.0,dual_WUH_WLV,True
2022-12-30 06:51:00,-19.95,-31.015343,23.5,1.7348151e-05,0,-19.95,-31.015343,0.0,0.0,dual_WUH_WLV,True
2022-12-30 06:52:00,-19.95071,-31.00895,23.5,2.3009452e-05,0,-19.95071,-31.00895,0.0,0.0,dual_WUH_WLV,True
2022-12-30 06:53:00,-19.935085,-31.01818,23.5,3.0922616e-05,0,-19.935085,-31.01818,0.0,0.0,dual_WUH_WLV,True
2022-12-30 06:54:00,-19.965626,-31.022442,23.59375,4.2083484e-05,0,-19.965626,-31.022442,0.0,0.0,dual_WUH_WLV,True
2022-12-30 06:55:00,-19.943607,-31.024574,23.6875,5.920725e-05,0,-19.943607,-31.024574,0.0,0.0,dual_WUH_WLV,True
2022-12-30 06:56:00,-19.95568,-31.01463,23.65625,7.836643e-05,0,-19.95568,-31.01463,0.0,0.0,dual_WUH_WLV,True
2022-12-30 06:57:00,-19.957102,-31.023153,23.65625,9.6158044e-05,0,-19.957102,-31.023153,0.0,0.0,dual_WUH_WLV,True
2022-12-30 06:58:00,-19.975567,-31.030966,23.71875,0.000114502494,0,-19.975567,-31.030966,0.0,0.0,dual_WUH_WLV,True
2022-12-30 06:59:00,-19.974857,-31.025993,23.71875,0.0001321733,0,-19.974857,-31.025993,0.0,0.0,dual_WUH_WLV,True
2022-12-30 07:00:00,-19.942188,-31.016762,23.75,0.00015068054,0,-19.942188,-31.016762,0.0,0.0,dual_WUH_WLV,True
2022-12-30 07:01:00,-19.967754,-31.032387,23.84375,0.00016734004,0,-19.967754,-31.032387,0.0,0.0,dual_WUH_WLV,True
2022-12-30 07:02:00,-19.943607,-31.026705,23.84375,0.00018760562,0,-19.943607,-31.026705,0.0,0.0,dual_WUH_WLV,True
2022-12-30 07:03:00,-19.940767,-31.022444,23.90625,0.00021132827,0,-19.940767,-31.022444,0.0,0.0,dual_WUH_WLV,True
2022-12-30 07:04:00,-19.944317,-31.024574,23.96875,0.00023528934,0,-19.944317,-31.024574,0.0,0.0,dual_WUH_WLV,True
2022-12-30 07:05:00,-19.944317,-31.026705,23.9375,0.0002772212,0,-19.944317,-31.026705,0.0,0.0,dual_WUH_WLV,True
2022-12-30 07:06:00,-19.947868,-31.031677,23.96875,0.00034108758,0,-19.947868,-31.031677,0.0,0.0,dual_WUH_WLV,True
2022-12-30 07:07:00,-19.94574,-31.030254,24.0,0.00039884448,0,-19.94574,-31.030254,0.0,0.0,dual_WUH_WLV,True
2022-12-30 07:08:00,-19.971308,-31.031677,24.125,0.00045463443,0,-19.971308,-31.031677,0.0,0.0,dual_WUH_WLV,True
2022-12-30 07:09:00,-19.971306,-31.038069,24.0625,0.0005097091,0,-19.971306,-31.038069,0.0,0.0,dual_WUH_WLV,True
2022-12-30 07:10:00,-19.979118,-31.028835,24.1875,0.00056907535,0,-19.979118,-31.028835,0.0,0.0,dual_WUH_WLV,True
2022-12-30 07:11:00,-19.967754,-31.034517,24.1875,0.0006649494,0,-19.967754,-31.034517,0.0,0.0,dual_WUH_WLV,True
2022-12-30 07:12:00,-19.944317,-31.038067,24.1875,0.0007904768,0,-19.944317,-31.038067,0.0,0.0,dual_WUH_WLV,True
2022-12-30 07:13:00,-19.98125,-31.034517,24.1875,0.00081059337,0,-19.98125,-31.034517,0.0,0.0,dual_WUH_WLV,True
2022-12-30 07:14:00,-19.991192,-31.04233,24.1875,0.0007814467,0,-19.991192,-31.04233,0.0,0.0,dual_WUH_WLV,True
2022-12-30 07:15:00,-19.995455,-31.028835,24.21875,0.00073486567,0,-19.995455,-31.028835,0.0,0.0,dual_WUH_WLV,True
2022-12-30 07:16:00,-19.974857,-31.0402,24.21875,0.000657022,0,-19.974857,-31.0402,0.0,0.0,dual_WUH_WLV,True
2022-12-30 07:17:00,-19.980541,-31.036648,24.25,0.000575006,0,-19.980541,-31.036648,0.0,0.0,dual_WUH_WLV,True
2022-12-30 07:18:00,-19.954971,-31.0402,24.28125,0.00043165684,0,-19.954971,-31.0402,0.0,0.0,dual_WUH_WLV,True
2022-12-30 07:19:00,-19.97699,-31.042328,24.28125,0.00025695562,0,-19.97699,-31.042328,0.0,0.0,dual_WUH_WLV,True
2022-12-30 07:20:00,-19.953552,-31.04446,24.40625,0.00015181303,0,-19.953552,-31.04446,0.0,0.0,dual_WUH_WLV,True
2022-12-30 07:21:00,-19.97628,-31.04446,24.3125,8.451577e-05,0,-19.97628,-31.04446,0.0,0.0,dual_WUH_WLV,True
2022-12-30 07:22:00,-19.960653,-31.041618,24.4375,5.141651e-05,0,-19.960653,-31.041618,0.0,0.0,dual_WUH_WLV,True
2022-12-30 07:23:00,-19.942188,-31.050854,24.4375,3.1854375e-05,0,-19.942188,-31.050854,0.0,0.0,dual_WUH_WLV,True
2022-12-30 07:24:00,-19.954971,-31.048721,24.46875,2.0359716e-05,0,-19.954971,-31.048721,0.0,0.0,dual_WUH_WLV,True
2022-12-30 07:25:00,-19.972727,-31.04233,24.5625,1.48522795e-05,0,-19.972727,-31.04233,0.0,0.0,dual_WUH_WLV,True
2022-12-30 07:26:00,-19.98196,-31.048012,24.5625,1.23035115e-05,0,-19.98196,-31.048012,0.0,0.0,dual_WUH_WLV,True
2022-12-30 07:27:00,-19.98409,-31.055115,24.625,1.1110198e-05,0,-19.98409,-31.055115,0.0,0.0,dual_WUH_WLV,True
2022-12-30 07:28:00,-20.00753,-31.065765,24.71875,1.1014501e-05,0,-20.00753,-31.065765,0.0,0.0,dual_WUH_WLV,True
2022-12-30 07:29:00,-19.97912,-31.061506,24.78125,1.1354789e-05,0,-19.97912,-31.061506,0.0,0.0,dual_WUH_WLV,True
2022-12-30 07:30:00,-20.001846,-31.053694,24.875,5.9100826e-06,0,-20.001846,-31.053694,0.0,0.0,dual_WUH_WLV,True
2022-12-30 07:31:00,-20.00824,-31.061506,24.90625,5.6493877e-06,0,-20.00824,-31.061506,0.0,0.0,dual_WUH_WLV,True
2022-12-30 07:32:00,-20.011791,-31.061506,25.0,5.426594e-06,0,-20.011791,-31.061506,0.0,0.0,dual_WUH_WLV,True
2022-12-30 07:33:00,-20.004688,-31.066477,25.03125,5.2426435e-06,0,-20.004688,-31.066477,0.0,0.0,dual_WUH_WLV,True
2022-12-30 07:34:00,-20.006107,-31.072868,25.15625,5.078481e-06,0,-20.006107,-31.072868,0.0,0.0,dual_WUH_WLV,True
2022-12-30 07:35:00,-20.019602,-31.069317,25.1875,4.803397e-06,0,-20.019602,-31.069317,0.0,0.0,dual_WUH_WLV,True
2022-12-30 07:36:00,-19.995455,-31.078552,25.1875,4.3733594e-06,0,-19.995455,-31.078552,0.0,0.0,dual_WUH_WLV,True
2022-12-30 07:37:00,-19.996164,-31.07784,25.3125,3.6970737e-06,0,-19.996164,-31.07784,0.0,0.0,dual_WUH_WLV,True
2022-12-30 07:38:00,-20.007528,-31.083523,25.3125,3.214421e-06,0,-20.007528,-31.083523,0.0,0.0,dual_WUH_WLV,True
2022-12-30 07:39:00,-20.020313,-31.082104,25.34375,2.8618676e-06,0,-20.020313,-31.082104,0.0,0.0,dual_WUH_WLV,True
2022-12-30 07:40:00,-20.035229,-31.089205,25.46875,2.770539e-06,0,-20.035229,-31.089205,0.0,0.0,dual_WUH_WLV,True
2022-12-30 07:41:00,-20.022442,-31.090626,25.53125,2.8877594e-06,0,-20.022442,-31.090626,0.0,0.0,dual_WUH_WLV,True
2022-12-30 07:42:00,-20.026705,-31.093466,25.59375,3.1036377e-06,0,-20.026705,-31.093466,0.0,0.0,dual_WUH_WLV,True
2022-12-30 07:43:00,-20.03949,-31.094177,25.6875,3.3919655e-06,0,-20.03949,-31.094177,0.0,0.0,dual_WUH_WLV,True
2022-12-30 07:44:00,-20.036648,-31.092045,25.78125,3.6520298e-06,0,-20.036648,-31.092045,0.0,0.0,dual_WUH_WLV,True
2022-12-30 07:45:00,-20.023863,-31.101278,25.8125,3.898347e-06,0,-20.023863,-31.101278,0.0,0.0,dual_WUH_WLV,True
2022-12-30 07:46:00,-20.0402,-31.100569,25.9375,4.171119e-06,0,-20.0402,-31.100569,0.0,0.0,dual_WUH_WLV,True
2022-12-30 07:47:00,-20.07074,-31.10625,25.96875,4.627239e-06,0,-20.07074,-31.10625,0.0,0.0,dual_WUH_WLV,True
2022-12-30 07:48:00,-20.0402,-31.10767,26.09375,5.277895e-06,0,-20.0402,-31.10767,0.0,0.0,dual_WUH_WLV,True
2022-12-30 07:49:00,-20.04304,-31.10767,26.25,6.024695e-06,0,-20.04304,-31.10767,0.0,0.0,dual_WUH_WLV,True
2022-12-30 07:50:00,-20.072868,-31.114773,26.25,6.505054e-06,0,-20.072868,-31.114773,0.0,0.0,dual_WUH_WLV,True
2022-12-30 07:51:00,-20.079971,-31.118324,26.375,6.81137e-06,0,-20.079971,-31.118324,0.0,0.0,dual_WUH_WLV,True
2022-12-30 07:52:00,-20.088493,-31.126137,26.375,7.820341e-06,0,-20.088493,-31.126137,0.0,0.0,dual_WUH_WLV,True
2022-12-30 07:53:00,-20.093466,-31.129688,26.53125,8.6509235e-06,0,-20.093466,-31.129688,0.0,0.0,dual_WUH_WLV,True
2022-12-30 07:54:00,-20.083523,-31.118324,26.59375,9.940964e-06,0,-20.083523,-31.118324,0.0,0.0,dual_WUH_WLV,True
2022-12-30 07:55:00,-20.117615,-31.134659,26.625,1.1015635e-05,0,-20.117615,-31.134659,0.0,0.0,dual_WUH_WLV,True
2022-12-30 07:56:00,-20.084232,-31.13253,26.8125,1.1784154e-05,0,-20.084232,-31.13253,0.0,0.0,dual_WUH_WLV,True
2022-12-30 07:57:00,-20.121876,-31.150284,26.90625,1.3021448e-05,0,-20.121876,-31.150284,0.0,0.0,dual_WUH_WLV,True
2022-12-30 07:58:00,-20.113354,-31.13608,26.90625,1.3979463e-05,0,-20.113354,-31.13608,0.0,0.0,dual_WUH_WLV,True
