_c0,signal_std,signal_rad,pluie
2022-12-03T15:59:00.000+01:00,-20.098438,-31.083523,0
2022-12-03T16:00:00.000+01:00,-20.141052,-31.087784,0
2022-12-03T16:01:00.000+01:00,-20.119034,-31.101278,0
2022-12-03T16:02:00.000+01:00,-20.128977,-31.097017,0
2022-12-03T16:03:00.000+01:00,-20.1375,-31.087784,0
2022-12-03T16:04:00.000+01:00,-20.159517,-31.100569,0
2022-12-03T16:05:00.000+01:00,-20.118324,-31.096306,0
2022-12-03T16:06:00.000+01:00,-20.163067,-31.094177,0
2022-12-03T16:07:00.000+01:00,-20.219177,-31.114063,0
2022-12-03T16:08:00.000+01:00,-20.159517,-31.11193,0
2022-12-03T16:09:00.000+01:00,-20.17088,-31.113352,0
2022-12-03T16:10:00.000+01:00,-20.17159,-31.126137,0
2022-12-03T16:11:00.000+01:00,-20.214914,-31.119743,0
2022-12-03T16:12:00.000+01:00,-20.2,-31.11193,0
2022-12-03T16:13:00.000+01:00,-20.170881,-31.116192,0
2022-12-03T16:14:00.000+01:00,-20.213493,-31.10909,0
2022-12-03T16:15:00.000+01:00,-20.187927,-31.124006,0
2022-12-03T16:16:00.000+01:00,-20.146023,-31.110512,0
2022-12-03T16:17:00.000+01:00,-20.163069,-31.119034,0
2022-12-03T16:18:00.000+01:00,-20.142471,-31.119743,0
2022-12-03T16:19:00.000+01:00,-20.130398,-31.10767,0
2022-12-03T16:20:00.000+01:00,-20.131107,-31.110512,0
2022-12-03T16:21:00.000+01:00,-20.159517,-31.111221,0
2022-12-03T16:22:00.000+01:00,-20.156675,-31.110512,0
2022-12-03T16:23:00.000+01:00,-20.16449,-31.111933,0
2022-12-03T16:24:00.000+01:00,-20.175852,-31.114063,0
2022-12-03T16:25:00.000+01:00,-20.141762,-31.111221,0
2022-12-03T16:26:00.000+01:00,-20.170881,-31.116192,0
2022-12-03T16:27:00.000+01:00,-20.10909,-31.094175,0
2022-12-03T16:28:00.000+01:00,-20.121166,-31.088493,0
2022-12-03T16:29:00.000+01:00,-20.134659,-31.1027,0
2022-12-03T16:30:00.000+01:00,-20.13821,-31.103409,0
2022-12-03T16:31:00.000+01:00,-20.124718,-31.1027,0
2022-12-03T16:32:00.000+01:00,-20.151705,-31.094887,0
2022-12-03T16:33:00.000+01:00,-20.135368,-31.087074,0
2022-12-03T16:34:00.000+01:00,-20.165909,-31.095596,0
2022-12-03T16:35:00.000+01:00,-20.17443,-31.082104,0
2022-12-03T16:36:00.000+01:00,-20.084944,-31.101988,0
2022-12-03T16:37:00.000+01:00,-20.163778,-31.097729,0
2022-12-03T16:38:00.000+01:00,-20.13892,-31.092045,0
2022-12-03T16:39:00.000+01:00,-20.143892,-31.10625,0
2022-12-03T16:40:00.000+01:00,-20.127556,-31.104118,0
2022-12-03T16:41:00.000+01:00,-20.179405,-31.10483,0
2022-12-03T16:42:00.000+01:00,-20.096306,-31.1027,0
2022-12-03T16:43:00.000+01:00,-20.13892,-31.10554,0
2022-12-03T16:44:00.000+01:00,-20.168041,-31.10909,0
2022-12-03T16:45:00.000+01:00,-20.158096,-31.109802,0
2022-12-03T16:46:00.000+01:00,-20.185085,-31.10767,0
2022-12-03T16:47:00.000+01:00,-20.148153,-31.112642,0
2022-12-03T16:48:00.000+01:00,-20.13821,-31.112642,0
2022-12-03T16:49:00.000+01:00,-20.159515,-31.10909,0
2022-12-03T16:50:00.000+01:00,-20.161648,-31.114773,0
2022-12-03T16:51:00.000+01:00,-20.16449,-31.11193,0
2022-12-03T16:52:00.000+01:00,-20.20142,-31.10909,0
2022-12-03T16:53:00.000+01:00,-20.162357,-31.116194,0
2022-12-03T16:54:00.000+01:00,-20.190056,-31.111221,0
2022-12-03T16:55:00.000+01:00,-20.148153,-31.108381,0
2022-12-03T16:56:00.000+01:00,-20.158806,-31.110512,0
2022-12-03T16:57:00.000+01:00,-20.135368,-31.093468,0
2022-12-03T16:58:00.000+01:00,-20.141762,-31.110512,0
2022-12-03T16:59:00.000+01:00,-20.204262,-31.111221,0
2022-12-03T17:00:00.000+01:00,-20.182955,-31.115482,0
2022-12-03T17:01:00.000+01:00,-20.187927,-31.114063,0
2022-12-03T17:02:00.000+01:00,-20.271732,-31.10767,0
2022-12-03T17:03:00.000+01:00,-20.17159,-31.111221,0
2022-12-03T17:04:00.000+01:00,-20.234093,-31.116903,0
2022-12-03T17:05:00.000+01:00,-20.23125,-31.123295,0
2022-12-03T17:06:00.000+01:00,-20.181534,-31.126137,0
2022-12-03T17:07:00.000+01:00,-20.223438,-31.126137,0
2022-12-03T17:08:00.000+01:00,-20.148153,-31.10483,0
2022-12-03T17:09:00.000+01:00,-20.156677,-31.121876,0
2022-12-03T17:10:00.000+01:00,-20.177273,-31.114773,0
2022-12-03T17:11:00.000+01:00,-20.146023,-31.103409,0
2022-12-03T17:12:00.000+01:00,-20.180115,-31.110512,0
2022-12-03T17:13:00.000+01:00,-20.203552,-31.119034,0
2022-12-03T17:14:00.000+01:00,-20.189346,-31.10696,0
2022-12-03T17:15:00.000+01:00,-20.089205,-31.116192,0
2022-12-03T17:16:00.000+01:00,-20.13821,-31.121876,0
2022-12-03T17:17:00.000+01:00,-20.207104,-31.113352,0
2022-12-03T17:18:00.000+01:00,-20.110512,-31.112642,0
2022-12-03T17:19:00.000+01:00,-20.162357,-31.122585,0
2022-12-03T17:20:00.000+01:00,-20.204262,-31.121164,0
2022-12-03T17:21:00.000+01:00,-20.175852,-31.119034,0
2022-12-03T17:22:00.000+01:00,-20.176563,-31.121876,0
2022-12-03T17:23:00.000+01:00,-20.182243,-31.124006,0
2022-12-03T17:24:00.000+01:00,-20.145313,-31.129688,0
2022-12-03T17:25:00.000+01:00,-20.16946,-31.11193,0
2022-12-03T17:26:00.000+01:00,-20.208523,-31.123295,0
2022-12-03T17:27:00.000+01:00,-20.147444,-31.119743,0
2022-12-03T17:28:00.000+01:00,-20.108381,-31.10909,0
2022-12-03T17:29:00.000+01:00,-20.144602,-31.124006,0
2022-12-03T17:30:00.000+01:00,-20.185795,-31.119034,0
2022-12-03T17:31:00.000+01:00,-20.104118,-31.116903,0
2022-12-03T17:32:00.000+01:00,-20.17443,-31.124004,0
2022-12-03T17:33:00.000+01:00,-20.153126,-31.128979,0
2022-12-03T17:34:00.000+01:00,-20.16449,-31.121166,0
2022-12-03T17:35:00.000+01:00,-20.191479,-31.120455,0
2022-12-03T17:36:00.000+01:00,-20.157387,-31.126846,0
2022-12-03T17:37:00.000+01:00,-20.16946,-31.117613,0
2022-12-03T17:38:00.000+01:00,-20.139631,-31.121876,0
2022-12-03T17:39:00.000+01:00,-20.2,-31.119743,0
2022-12-03T17:40:00.000+01:00,-20.180115,-31.10838,0
2022-12-03T17:41:00.000+01:00,-20.164488,-31.062216,0
2022-12-03T17:42:00.000+01:00,-20.17017,-31.109802,0
2022-12-03T17:43:00.000+01:00,-20.158096,-31.116194,0
2022-12-03T17:44:00.000+01:00,-20.125425,-31.116192,0
2022-12-03T17:45:00.000+01:00,-20.1652,-31.112642,0
2022-12-03T17:46:00.000+01:00,-20.13395,-31.112642,0
2022-12-03T17:47:00.000+01:00,-20.2,-31.118324,0
2022-12-03T17:48:00.000+01:00,-20.13324,-31.112642,0
2022-12-03T17:49:00.000+01:00,-20.112642,-31.10909,0
2022-12-03T17:50:00.000+01:00,-20.173721,-31.112642,0
2022-12-03T17:51:00.000+01:00,-20.182243,-31.104828,0
2022-12-03T17:52:00.000+01:00,-20.13963,-31.108381,0
2022-12-03T17:53:00.000+01:00,-20.175142,-31.108381,0
2022-12-03T17:54:00.000+01:00,-20.186506,-31.11193,0
2022-12-03T17:55:00.000+01:00,-20.178692,-31.10625,0
2022-12-03T17:56:00.000+01:00,-20.22983,-31.100569,0
2022-12-03T17:57:00.000+01:00,-20.197159,-31.1027,0
2022-12-03T17:58:00.000+01:00,-20.224857,-31.101278,0
2022-12-03T17:59:00.000+01:00,-20.170881,-31.098438,0
2022-12-03T18:00:00.000+01:00,-20.17017,-31.099148,0
2022-12-03T18:01:00.000+01:00,-20.179403,-31.090626,0
2022-12-03T18:02:00.000+01:00,-20.180115,-31.092045,0
2022-12-03T18:03:00.000+01:00,-20.20284,-31.096306,0
2022-12-03T18:04:00.000+01:00,-20.119743,-31.095596,0
2022-12-03T18:05:00.000+01:00,-20.084944,-31.088493,0
2022-12-03T18:06:00.000+01:00,-20.114773,-31.089916,0
2022-12-03T18:07:00.000+01:00,-20.063637,-31.089205,0
2022-12-03T18:08:00.000+01:00,-20.090626,-31.094177,0
2022-12-03T18:09:00.000+01:00,-20.089203,-31.083523,0
2022-12-03T18:10:00.000+01:00,-20.096306,-31.089914,0
2022-12-03T18:11:00.000+01:00,-20.10696,-31.087784,0
2022-12-03T18:12:00.000+01:00,-20.068607,-31.090626,0
2022-12-03T18:13:00.000+01:00,-20.065056,-31.089203,0
2022-12-03T18:14:00.000+01:00,-20.096306,-31.084232,0
2022-12-03T18:15:00.000+01:00,-20.058666,-31.086365,0
2022-12-03T18:16:00.000+01:00,-20.095596,-31.087074,0
2022-12-03T18:17:00.000+01:00,-20.034517,-31.086365,0
2022-12-03T18:18:00.000+01:00,-20.050142,-31.082813,0
2022-12-03T18:19:00.000+01:00,-20.056534,-31.082102,0
2022-12-03T18:20:00.000+01:00,-20.083523,-31.089205,0
2022-12-03T18:21:00.000+01:00,-20.126846,-31.089205,0
2022-12-03T18:22:00.000+01:00,-20.098438,-31.089914,0
2022-12-03T18:23:00.000+01:00,-20.1027,-31.084944,0
2022-12-03T18:24:00.000+01:00,-20.097017,-31.084944,0
2022-12-03T18:25:00.000+01:00,-20.089205,-31.07571,0
2022-12-03T18:26:00.000+01:00,-20.114773,-31.079262,0
2022-12-03T18:27:00.000+01:00,-20.091335,-31.083523,0
2022-12-03T18:28:00.000+01:00,-20.10199,-31.084942,0
2022-12-03T18:29:00.000+01:00,-20.07642,-31.084944,0
2022-12-03T18:30:00.000+01:00,-20.086365,-31.079971,0
2022-12-03T18:31:00.000+01:00,-20.10554,-31.084232,0
2022-12-03T18:32:00.000+01:00,-20.110512,-31.091335,0
2022-12-03T18:33:00.000+01:00,-20.095596,-31.087074,0
2022-12-03T18:34:00.000+01:00,-20.068607,-31.087074,0
2022-12-03T18:35:00.000+01:00,-20.068607,-31.091335,0
2022-12-03T18:36:00.000+01:00,-20.097017,-31.084942,0
2022-12-03T18:37:00.000+01:00,-20.121876,-31.087784,0
2022-12-03T18:38:00.000+01:00,-20.087784,-31.085653,0
2022-12-03T18:39:00.000+01:00,-20.099857,-31.086365,0
2022-12-03T18:40:00.000+01:00,-20.109802,-31.096306,0
2022-12-03T18:41:00.000+01:00,-20.07429,-31.085653,0
2022-12-03T18:42:00.000+01:00,-20.072159,-31.08068,0
2022-12-03T18:43:00.000+01:00,-20.067898,-31.082813,0
2022-12-03T18:44:00.000+01:00,-20.105541,-31.08068,0
2022-12-03T18:45:00.000+01:00,-20.078552,-31.085653,0
2022-12-03T18:46:00.000+01:00,-20.067898,-31.08068,0
2022-12-03T18:47:00.000+01:00,-20.091335,-31.07145,0
2022-12-03T18:48:00.000+01:00,-20.091335,-31.078552,0
2022-12-03T18:49:00.000+01:00,-20.065056,-31.07713,0
2022-12-03T18:50:00.000+01:00,-20.103409,-31.07429,0
2022-12-03T18:51:00.000+01:00,-20.088493,-31.07003,0
2022-12-03T18:52:00.000+01:00,-20.093466,-31.069317,0
2022-12-03T18:53:00.000+01:00,-20.087784,-31.07571,0
2022-12-03T18:54:00.000+01:00,-20.069317,-31.089914,0
2022-12-03T18:55:00.000+01:00,-20.124006,-31.08068,0
2022-12-03T18:56:00.000+01:00,-20.04446,-31.078552,0
2022-12-03T18:57:00.000+01:00,-20.091335,-31.084232,0
2022-12-03T18:58:00.000+01:00,-20.082102,-31.083523,0
2022-12-03T18:59:00.000+01:00,-20.077131,-31.079262,0
2022-12-03T19:00:00.000+01:00,-20.079971,-31.087074,0
2022-12-03T19:01:00.000+01:00,-20.079262,-31.07784,0
2022-12-03T19:02:00.000+01:00,-20.061504,-31.086365,0
2022-12-03T19:03:00.000+01:00,-20.038778,-31.07571,0
2022-12-03T19:04:00.000+01:00,-20.095596,-31.081392,0
2022-12-03T19:05:00.000+01:00,-20.048721,-31.085653,0
2022-12-03T19:06:00.000+01:00,-20.069319,-31.089916,0
2022-12-03T19:07:00.000+01:00,-20.080683,-31.083523,0
2022-12-03T19:08:00.000+01:00,-20.07358,-31.085653,0
2022-12-03T19:09:00.000+01:00,-20.094887,-31.08068,0
2022-12-03T19:10:00.000+01:00,-20.087784,-31.087074,0
2022-12-03T19:11:00.000+01:00,-20.07145,-31.084232,0
2022-12-03T19:12:00.000+01:00,-20.062927,-31.07713,0
2022-12-03T19:13:00.000+01:00,-20.055824,-31.084942,0
2022-12-03T19:14:00.000+01:00,-20.088493,-31.078552,0
2022-12-03T19:15:00.000+01:00,-20.04588,-31.082104,0
2022-12-03T19:16:00.000+01:00,-20.082813,-31.084942,0
2022-12-03T19:17:00.000+01:00,-20.089916,-31.085653,0
2022-12-03T19:18:00.000+01:00,-20.052982,-31.092754,0
2022-12-03T19:19:00.000+01:00,-20.057955,-31.087074,0
2022-12-03T19:20:00.000+01:00,-20.04375,-31.088493,0
2022-12-03T19:21:00.000+01:00,-20.04375,-31.08068,0
2022-12-03T19:22:00.000+01:00,-20.07429,-31.092045,0
2022-12-03T19:23:00.000+01:00,-20.038069,-31.089914,0
2022-12-03T19:24:00.000+01:00,-20.08139,-31.082813,0
2022-12-03T19:25:00.000+01:00,-20.085653,-31.093466,0
2022-12-03T19:26:00.000+01:00,-20.058666,-31.084944,0
2022-12-03T19:27:00.000+01:00,-20.065767,-31.087784,0
2022-12-03T19:28:00.000+01:00,-20.070028,-31.087784,0
2022-12-03T19:29:00.000+01:00,-20.067898,-31.082813,0
2022-12-03T19:30:00.000+01:00,-20.065767,-31.087784,0
2022-12-03T19:31:00.000+01:00,-20.064346,-31.081392,0
2022-12-03T19:32:00.000+01:00,-20.030254,-31.086365,0
2022-12-03T19:33:00.000+01:00,-20.077131,-31.07642,0
2022-12-03T19:34:00.000+01:00,-20.062927,-31.082813,0
2022-12-03T19:35:00.000+01:00,-20.047302,-31.089205,0
2022-12-03T19:36:00.000+01:00,-20.07003,-31.092045,0
2022-12-03T19:37:00.000+01:00,-20.028126,-31.085653,0
2022-12-03T19:38:00.000+01:00,-20.067898,-31.084232,0
2022-12-03T19:39:00.000+01:00,-20.035227,-31.075,0
2022-12-03T19:40:00.000+01:00,-20.061506,-31.086365,0
2022-12-03T19:41:00.000+01:00,-20.052982,-31.08139,0
2022-12-03T19:42:00.000+01:00,-20.064346,-31.084232,0
2022-12-03T19:43:00.000+01:00,-20.028835,-31.07429,0
2022-12-03T19:44:00.000+01:00,-20.060085,-31.082102,0
2022-12-03T19:45:00.000+01:00,-20.070028,-31.075,0
2022-12-03T19:46:00.000+01:00,-20.041618,-31.086365,0
2022-12-03T19:47:00.000+01:00,-20.085653,-31.07642,0
2022-12-03T19:48:00.000+01:00,-20.063637,-31.07784,0
2022-12-03T19:49:00.000+01:00,-20.029545,-31.077131,0
2022-12-03T19:50:00.000+01:00,-20.020313,-31.074291,0
2022-12-03T19:51:00.000+01:00,-20.037357,-31.07358,0
2022-12-03T19:52:00.000+01:00,-20.04375,-31.081392,0
2022-12-03T19:53:00.000+01:00,-20.04446,-31.079971,0
2022-12-03T19:54:00.000+01:00,-20.04375,-31.07642,0
2022-12-03T19:55:00.000+01:00,-20.024574,-31.07784,0
2022-12-03T19:56:00.000+01:00,-20.061504,-31.078552,0
2022-12-03T19:57:00.000+01:00,-20.057245,-31.075,0
2022-12-03T19:58:00.000+01:00,-20.04375,-31.07642,0
2022-12-03T19:59:00.000+01:00,-20.030254,-31.072868,0
2022-12-03T20:00:00.000+01:00,-20.081392,-31.08068,0
2022-12-03T20:01:00.000+01:00,-20.019602,-31.065767,0
2022-12-03T20:02:00.000+01:00,-20.035229,-31.07571,0
2022-12-03T20:03:00.000+01:00,-20.030966,-31.070028,0
2022-12-03T20:04:00.000+01:00,-20.009659,-31.078552,0
2022-12-03T20:05:00.000+01:00,-20.070028,-31.079262,0
2022-12-03T20:06:00.000+01:00,-20.034517,-31.077131,0
2022-12-03T20:07:00.000+01:00,-20.027416,-31.08068,0
2022-12-03T20:08:00.000+01:00,-20.041618,-31.085653,0
2022-12-03T20:09:00.000+01:00,-20.028835,-31.084232,0
2022-12-03T20:10:00.000+01:00,-19.994034,-31.07358,0
2022-12-03T20:11:00.000+01:00,-20.036648,-31.084944,0
2022-12-03T20:12:00.000+01:00,-20.03002,-31.081629,0
2022-12-03T20:13:00.000+01:00,-20.019604,-31.082813,0
2022-12-03T20:14:00.000+01:00,-20.025284,-31.075,0
2022-12-03T20:15:00.000+01:00,-20.037357,-31.084942,0
2022-12-03T20:16:00.000+01:00,-20.064346,-31.079262,0
2022-12-03T20:17:00.000+01:00,-20.032387,-31.083523,0
2022-12-03T20:18:00.000+01:00,-20.028835,-31.083523,0
2022-12-03T20:19:00.000+01:00,-20.048012,-31.083523,0
2022-12-03T20:20:00.000+01:00,-20.057955,-31.083523,0
2022-12-03T20:21:00.000+01:00,-20.00824,-31.078552,0
2022-12-03T20:22:00.000+01:00,-20.0125,-31.078552,0
2022-12-03T20:23:00.000+01:00,-20.00753,-31.068607,0
2022-12-03T20:24:00.000+01:00,-20.038069,-31.079971,0
2022-12-03T20:25:00.000+01:00,-20.054403,-31.07429,0
2022-12-03T20:26:00.000+01:00,-20.023865,-31.07429,0
2022-12-03T20:27:00.000+01:00,-20.041618,-31.07358,0
2022-12-03T20:28:00.000+01:00,-19.994743,-31.07145,0
2022-12-03T20:29:00.000+01:00,-20.020313,-31.07571,0
2022-12-03T20:30:00.000+01:00,-20.028835,-31.07358,0
2022-12-03T20:31:00.000+01:00,-20.023153,-31.08139,0
2022-12-03T20:32:00.000+01:00,-20.006817,-31.067898,0
2022-12-03T20:33:00.000+01:00,-20.003267,-31.082102,0
2022-12-03T20:34:00.000+01:00,-20.019602,-31.079971,0
2022-12-03T20:35:00.000+01:00,-20.016762,-31.061504,0
2022-12-03T20:36:00.000+01:00,-20.033806,-31.065765,0
2022-12-03T20:37:00.000+01:00,-20.016762,-31.068607,0
2022-12-03T20:38:00.000+01:00,-20.030966,-31.072159,0
2022-12-03T20:39:00.000+01:00,-20.018892,-31.067188,0
2022-12-03T20:40:00.000+01:00,-20.046593,-31.066479,0
2022-12-03T20:41:00.000+01:00,-20.023155,-31.069317,0
2022-12-03T20:42:00.000+01:00,-20.036648,-31.069319,0
2022-12-03T20:43:00.000+01:00,-20.016762,-31.060085,0
2022-12-03T20:44:00.000+01:00,-20.035938,-31.060795,0
2022-12-03T20:45:00.000+01:00,-20.04375,-31.065056,0
2022-12-03T20:46:00.000+01:00,-20.01392,-31.067188,0
2022-12-03T20:47:00.000+01:00,-20.027416,-31.060795,0
2022-12-03T20:48:00.000+01:00,-20.021023,-31.057955,0
2022-12-03T20:49:00.000+01:00,-20.01108,-31.064346,0
2022-12-03T20:50:00.000+01:00,-20.035938,-31.062927,0
2022-12-03T20:51:00.000+01:00,-20.01534,-31.063637,0
2022-12-03T20:52:00.000+01:00,-20.029545,-31.060795,0
2022-12-03T20:53:00.000+01:00,-20.033096,-31.062925,0
2022-12-03T20:54:00.000+01:00,-20.027416,-31.060795,0
2022-12-03T20:55:00.000+01:00,-19.997585,-31.061506,0
2022-12-03T20:56:00.000+01:00,-20.016052,-31.065767,0
2022-12-03T20:57:00.000+01:00,-20.030966,-31.065767,0
2022-12-03T20:58:00.000+01:00,-20.005398,-31.062927,0
2022-12-03T20:59:00.000+01:00,-19.980541,-31.07145,0
2022-12-03T21:00:00.000+01:00,-20.003267,-31.075,0
2022-12-03T21:01:00.000+01:00,-20.01321,-31.083523,0
2022-12-03T21:02:00.000+01:00,-20.006107,-31.08068,0
2022-12-03T21:03:00.000+01:00,-20.015343,-31.08068,0
2022-12-03T21:04:00.000+01:00,-19.994743,-31.077843,0
2022-12-03T21:05:00.000+01:00,-19.985512,-31.079971,0
2022-12-03T21:06:00.000+01:00,-20.002556,-31.079971,0
2022-12-03T21:07:00.000+01:00,-19.994743,-31.079971,0
2022-12-03T21:08:00.000+01:00,-20.01534,-31.081392,0
2022-12-03T21:09:00.000+01:00,-20.002556,-31.089203,0
2022-12-03T21:10:00.000+01:00,-19.984802,-31.082813,0
2022-12-03T21:11:00.000+01:00,-20.01108,-31.07642,0
2022-12-03T21:12:00.000+01:00,-20.002556,-31.07642,0
2022-12-03T21:13:00.000+01:00,-20.020313,-31.07713,0
2022-12-03T21:14:00.000+01:00,-19.988352,-31.079262,0
2022-12-03T21:15:00.000+01:00,-20.033806,-31.084944,0
2022-12-03T21:16:00.000+01:00,-19.999716,-31.07074,0
2022-12-03T21:17:00.000+01:00,-20.004688,-31.087074,0
2022-12-03T21:18:00.000+01:00,-19.995455,-31.067188,0
2022-12-03T21:19:00.000+01:00,-20.003979,-31.083523,0
2022-12-03T21:20:00.000+01:00,-19.985512,-31.081392,0
2022-12-03T21:21:00.000+01:00,-19.997585,-31.07784,0
2022-12-03T21:22:00.000+01:00,-20.021732,-31.075,0
2022-12-03T21:23:00.000+01:00,-20.011791,-31.07358,0
2022-12-03T21:24:00.000+01:00,-20.001137,-31.07358,0
2022-12-03T21:25:00.000+01:00,-20.035229,-31.07358,0
2022-12-03T21:26:00.000+01:00,-20.009659,-31.07074,0
2022-12-03T21:27:00.000+01:00,-20.006817,-31.075,0
2022-12-03T21:28:00.000+01:00,-20.004688,-31.07571,0
2022-12-03T21:29:00.000+01:00,-20.026705,-31.067898,0
2022-12-03T21:30:00.000+01:00,-20.029545,-31.065767,0
2022-12-03T21:31:00.000+01:00,-20.00824,-31.061506,0
2022-12-03T21:32:00.000+01:00,-20.024574,-31.062218,0
2022-12-03T21:33:00.000+01:00,-20.021732,-31.060085,0
2022-12-03T21:34:00.000+01:00,-20.022442,-31.057243,0
2022-12-03T21:35:00.000+01:00,-19.972727,-31.059376,0
2022-12-03T21:36:00.000+01:00,-20.009659,-31.057243,0
2022-12-03T21:37:00.000+01:00,-19.996166,-31.052982,0
2022-12-03T21:38:00.000+01:00,-19.986221,-31.058666,0
2022-12-03T21:39:00.000+01:00,-20.016762,-31.061504,0
2022-12-03T21:40:00.000+01:00,-20.014631,-31.057243,0
2022-12-03T21:41:00.000+01:00,-20.035229,-31.064346,0
2022-12-03T21:42:00.000+01:00,-19.990482,-31.058664,0
2022-12-03T21:43:00.000+01:00,-20.001137,-31.065767,0
2022-12-03T21:44:00.000+01:00,-19.991903,-31.055115,0
2022-12-03T21:45:00.000+01:00,-20.007528,-31.060085,0
2022-12-03T21:46:00.000+01:00,-20.029545,-31.055115,0
2022-12-03T21:47:00.000+01:00,-19.998295,-31.067188,0
2022-12-03T21:48:00.000+01:00,-19.98125,-31.065056,0
2022-12-03T21:49:00.000+01:00,-19.999006,-31.058666,0
2022-12-03T21:50:00.000+01:00,-20.000427,-31.060085,0
2022-12-03T21:51:00.000+01:00,-19.972727,-31.04659,0
2022-12-03T21:52:00.000+01:00,-19.967045,-31.054403,0
2022-12-03T21:53:00.000+01:00,-19.965626,-31.057953,0
2022-12-03T21:54:00.000+01:00,-20.023865,-31.062927,0
2022-12-03T21:55:00.000+01:00,-19.969177,-31.070738,0
2022-12-03T21:56:00.000+01:00,-19.9777,-31.062216,0
2022-12-03T21:57:00.000+01:00,-19.984802,-31.062927,0
2022-12-03T21:58:00.000+01:00,-19.964916,-31.067898,0
2022-12-03T21:59:00.000+01:00,-19.995455,-31.057243,0
2022-12-03T22:00:00.000+01:00,-20.009659,-31.059376,0
2022-12-03T22:01:00.000+01:00,-20.014631,-31.062927,0
2022-12-03T22:02:00.000+01:00,-20.017471,-31.067898,0
2022-12-03T22:03:00.000+01:00,-19.996166,-31.062216,0
2022-12-03T22:04:00.000+01:00,-19.993324,-31.065767,0
2022-12-03T22:05:00.000+01:00,-19.999716,-31.065767,0
2022-12-03T22:06:00.000+01:00,-19.964205,-31.068607,0
2022-12-03T22:07:00.000+01:00,-19.989773,-31.066479,0
2022-12-03T22:08:00.000+01:00,-20.014631,-31.064346,0
2022-12-03T22:09:00.000+01:00,-19.988354,-31.069319,0
2022-12-03T22:10:00.000+01:00,-20.016762,-31.070028,0
2022-12-03T22:11:00.000+01:00,-20.004688,-31.070738,0
2022-12-03T22:12:00.000+01:00,-20.018892,-31.07145,0
2022-12-03T22:13:00.000+01:00,-20.029545,-31.068607,0
2022-12-03T22:14:00.000+01:00,-20.004688,-31.07145,0
2022-12-03T22:15:00.000+01:00,-19.994034,-31.074291,0
2022-12-03T22:16:00.000+01:00,-19.994034,-31.067898,0
2022-12-03T22:17:00.000+01:00,-19.965626,-31.061506,0
2022-12-03T22:18:00.000+01:00,-19.994034,-31.07145,0
2022-12-03T22:19:00.000+01:00,-19.973438,-31.061506,0
2022-12-03T22:20:00.000+01:00,-19.997585,-31.067188,0
2022-12-03T22:21:00.000+01:00,-20.01392,-31.060085,0
2022-12-03T22:22:00.000+01:00,-19.973438,-31.062925,0
2022-12-03T22:23:00.000+01:00,-19.993324,-31.07074,0
2022-12-03T22:24:00.000+01:00,-20.003979,-31.069319,0
2022-12-03T22:25:00.000+01:00,-19.972017,-31.065058,0
2022-12-03T22:26:00.000+01:00,-19.990482,-31.073578,0
2022-12-03T22:27:00.000+01:00,-19.985512,-31.074291,0
2022-12-03T22:28:00.000+01:00,-19.98125,-31.067188,0
2022-12-03T22:29:00.000+01:00,-19.991192,-31.064346,0
2022-12-03T22:30:00.000+01:00,-20.003979,-31.065056,0
2022-12-03T22:31:00.000+01:00,-19.966335,-31.063637,0
2022-12-03T22:32:00.000+01:00,-20.0125,-31.060795,0
2022-12-03T22:33:00.000+01:00,-19.998295,-31.051563,0
2022-12-03T22:34:00.000+01:00,-20.01179,-31.052273,0
2022-12-03T22:35:00.000+01:00,-19.98693,-31.056534,0
2022-12-03T22:36:00.000+01:00,-19.990482,-31.073578,0
2022-12-03T22:37:00.000+01:00,-19.98409,-31.07287,0
2022-12-03T22:38:00.000+01:00,-19.998295,-31.070028,0
2022-12-03T22:39:00.000+01:00,-20.01321,-31.065056,0
2022-12-03T22:40:00.000+01:00,-20.020313,-31.064346,0
2022-12-03T22:41:00.000+01:00,-20.009659,-31.060795,0
2022-12-03T22:42:00.000+01:00,-20.003977,-31.065765,0
2022-12-03T22:43:00.000+01:00,-19.986221,-31.060795,0
2022-12-03T22:44:00.000+01:00,-20.005398,-31.053694,0
2022-12-03T22:45:00.000+01:00,-20.005398,-31.055824,0
2022-12-03T22:46:00.000+01:00,-19.97699,-31.058664,0
2022-12-03T22:47:00.000+01:00,-19.996164,-31.07358,0
2022-12-03T22:48:00.000+01:00,-19.964205,-31.065767,0
2022-12-03T22:49:00.000+01:00,-19.9777,-31.065056,0
2022-12-03T22:50:00.000+01:00,-19.965626,-31.069317,0
2022-12-03T22:51:00.000+01:00,-19.98267,-31.07429,0
2022-12-03T22:52:00.000+01:00,-19.989063,-31.074291,0
2022-12-03T22:53:00.000+01:00,-19.998295,-31.059376,0
2022-12-03T22:54:00.000+01:00,-19.9777,-31.072868,0
2022-12-03T22:55:00.000+01:00,-19.993324,-31.072159,0
2022-12-03T22:56:00.000+01:00,-19.991194,-31.066479,0
2022-12-03T22:57:00.000+01:00,-19.989063,-31.068607,0
2022-12-03T22:58:00.000+01:00,-19.962074,-31.068607,0
2022-12-03T22:59:00.000+01:00,-19.983381,-31.07642,0
2022-12-03T23:00:00.000+01:00,-19.961365,-31.07358,0
2022-12-03T23:01:00.000+01:00,-19.985512,-31.060085,0
2022-12-03T23:02:00.000+01:00,-19.962074,-31.065056,0
2022-12-03T23:03:00.000+01:00,-19.960653,-31.058664,0
2022-12-03T23:04:00.000+01:00,-19.972017,-31.058666,0
2022-12-03T23:05:00.000+01:00,-19.964205,-31.060795,0
2022-12-03T23:06:00.000+01:00,-19.968466,-31.052273,0
2022-12-03T23:07:00.000+01:00,-19.962784,-31.051563,0
2022-12-03T23:08:00.000+01:00,-19.958523,-31.055115,0
2022-12-03T23:09:00.000+01:00,-19.984093,-31.051563,0
2022-12-03T23:10:00.000+01:00,-19.960653,-31.050852,0
2022-12-03T23:11:00.000+01:00,-19.964914,-31.050142,0
2022-12-03T23:12:00.000+01:00,-19.964914,-31.054403,0
2022-12-03T23:13:00.000+01:00,-19.959944,-31.048721,0
2022-12-03T23:14:00.000+01:00,-19.983381,-31.052982,0
2022-12-03T23:15:00.000+01:00,-19.969177,-31.056534,0
2022-12-03T23:16:00.000+01:00,-19.97699,-31.04659,0
2022-12-03T23:17:00.000+01:00,-19.976278,-31.057243,0
2022-12-03T23:18:00.000+01:00,-19.969177,-31.045881,0
2022-12-03T23:19:00.000+01:00,-19.962074,-31.055115,0
2022-12-03T23:20:00.000+01:00,-19.969887,-31.060085,0
2022-12-03T23:21:00.000+01:00,-19.971306,-31.055824,0
2022-12-03T23:22:00.000+01:00,-19.979828,-31.064346,0
2022-12-03T23:23:00.000+01:00,-19.967754,-31.055824,0
2022-12-03T23:24:00.000+01:00,-19.975567,-31.052982,0
2022-12-03T23:25:00.000+01:00,-19.965626,-31.046593,0
2022-12-03T23:26:00.000+01:00,-19.961365,-31.055824,0
2022-12-03T23:27:00.000+01:00,-19.98125,-31.057953,0
2022-12-03T23:28:00.000+01:00,-19.984802,-31.039488,0
2022-12-03T23:29:00.000+01:00,-20.006819,-31.0402,0
2022-12-03T23:30:00.000+01:00,-20.005398,-31.05014,0
2022-12-03T23:31:00.000+01:00,-19.989063,-31.035938,0
2022-12-03T23:32:00.000+01:00,-19.962074,-31.055113,0
2022-12-03T23:33:00.000+01:00,-19.95142,-31.04304,0
2022-12-03T23:34:00.000+01:00,-19.990482,-31.04446,0
2022-12-03T23:35:00.000+01:00,-20.01321,-31.04659,0
2022-12-03T23:36:00.000+01:00,-19.976278,-31.038778,0
2022-12-03T23:37:00.000+01:00,-19.9777,-31.050142,0
2022-12-03T23:38:00.000+01:00,-20.055115,-31.057243,0
2022-12-03T23:39:00.000+01:00,-19.994034,-31.053694,0
2022-12-03T23:40:00.000+01:00,-19.973438,-31.04943,0
2022-12-03T23:41:00.000+01:00,-19.960653,-31.057243,0
2022-12-03T23:42:00.000+01:00,-19.94645,-31.052273,0
2022-12-03T23:43:00.000+01:00,-19.966335,-31.060795,0
2022-12-03T23:44:00.000+01:00,-19.962784,-31.051563,0
2022-12-03T23:45:00.000+01:00,-19.999716,-31.055824,0
2022-12-03T23:46:00.000+01:00,-19.967756,-31.057243,0
2022-12-03T23:47:00.000+01:00,-19.935795,-31.056534,0
2022-12-03T23:48:00.000+01:00,-19.967045,-31.050142,0
2022-12-03T23:49:00.000+01:00,-19.944319,-31.054403,0
2022-12-03T23:50:00.000+01:00,-19.959944,-31.04517,0
2022-12-03T23:51:00.000+01:00,-19.967045,-31.03949,0
2022-12-03T23:52:00.000+01:00,-19.931534,-31.04446,0
2022-12-03T23:53:00.000+01:00,-19.978409,-31.04375,0
2022-12-03T23:54:00.000+01:00,-19.959232,-31.030966,0
2022-12-03T23:55:00.000+01:00,-19.969887,-31.010368,0
2022-12-03T23:56:00.000+01:00,-20.035938,-31.020313,0
2022-12-03T23:57:00.000+01:00,-19.989773,-31.030966,0
2022-12-03T23:58:00.000+01:00,-20.004688,-31.043041,0
2022-12-03T23:59:00.000+01:00,-19.98196,-31.036648,0
2022-12-04T00:00:00.000+01:00,-19.954262,-31.038778,0
2022-12-04T00:01:00.000+01:00,-19.942188,-31.04446,0
2022-12-04T00:02:00.000+01:00,-19.990482,-31.047302,0
2022-12-04T00:03:00.000+01:00,-19.996876,-31.056534,0
2022-12-04T00:04:00.000+01:00,-19.9777,-31.052982,0
2022-12-04T00:05:00.000+01:00,-19.929405,-31.04943,0
2022-12-04T00:06:00.000+01:00,-19.92159,-31.050854,0
2022-12-04T00:07:00.000+01:00,-19.940056,-31.054403,0
2022-12-04T00:08:00.000+01:00,-19.913069,-31.051563,0
2022-12-04T00:09:00.000+01:00,-19.931534,-31.047302,0
2022-12-04T00:10:00.000+01:00,-19.954971,-31.053692,0
2022-12-04T00:11:00.000+01:00,-19.927273,-31.035229,0
2022-12-04T00:12:00.000+01:00,-19.932243,-31.041618,0
2022-12-04T00:13:00.000+01:00,-19.91946,-31.04659,0
2022-12-04T00:14:00.000+01:00,-19.943607,-31.051563,0
2022-12-04T00:15:00.000+01:00,-19.947868,-31.048721,0
2022-12-04T00:16:00.000+01:00,-19.92017,-31.04304,0
2022-12-04T00:17:00.000+01:00,-19.92017,-31.04233,0
2022-12-04T00:18:00.000+01:00,-19.954971,-31.04304,0
2022-12-04T00:19:00.000+01:00,-19.905256,-31.034517,0
2022-12-04T00:20:00.000+01:00,-19.935085,-31.035229,0
2022-12-04T00:21:00.000+01:00,-19.939346,-31.046593,0
2022-12-04T00:22:00.000+01:00,-19.909517,-31.04943,0
2022-12-04T00:23:00.000+01:00,-19.95639,-31.026705,0
2022-12-04T00:24:00.000+01:00,-19.896732,-31.031677,0
2022-12-04T00:25:00.000+01:00,-19.94574,-31.040909,0
2022-12-04T00:26:00.000+01:00,-19.91662,-31.035938,0
2022-12-04T00:27:00.000+01:00,-19.908806,-31.040909,0
2022-12-04T00:28:00.000+01:00,-19.908806,-31.038069,0
2022-12-04T00:29:00.000+01:00,-19.926563,-31.033096,0
2022-12-04T00:30:00.000+01:00,-19.938637,-31.040909,0
2022-12-04T00:31:00.000+01:00,-19.903126,-31.037357,0
2022-12-04T00:32:00.000+01:00,-19.91733,-31.033096,0
2022-12-04T00:33:00.000+01:00,-19.903835,-31.04517,0
2022-12-04T00:34:00.000+01:00,-19.917328,-31.033096,0
2022-12-04T00:35:00.000+01:00,-19.901705,-31.045881,0
2022-12-04T00:36:00.000+01:00,-19.92159,-31.036648,0
2022-12-04T00:37:00.000+01:00,-19.913069,-31.034517,0
2022-12-04T00:38:00.000+01:00,-19.891052,-31.028126,0
2022-12-04T00:39:00.000+01:00,-19.900284,-31.042328,0
2022-12-04T00:40:00.000+01:00,-19.88253,-31.035229,0
2022-12-04T00:41:00.000+01:00,-19.899574,-31.033096,0
2022-12-04T00:42:00.000+01:00,-19.860512,-31.026703,0
2022-12-04T00:43:00.000+01:00,-19.85696,-31.037357,0
2022-12-04T00:44:00.000+01:00,-19.88395,-31.033806,0
2022-12-04T00:45:00.000+01:00,-19.905256,-31.032387,0
2022-12-04T00:46:00.000+01:00,-19.898153,-31.033096,0
2022-12-04T00:47:00.000+01:00,-19.912357,-31.028835,0
2022-12-04T00:48:00.000+01:00,-19.906677,-31.034517,0
2022-12-04T00:49:00.000+01:00,-19.878977,-31.035938,0
2022-12-04T00:50:00.000+01:00,-19.864063,-31.03949,0
2022-12-04T00:51:00.000+01:00,-19.869745,-31.032387,0
2022-12-04T00:52:00.000+01:00,-19.891762,-31.032387,0
2022-12-04T00:53:00.000+01:00,-19.86193,-31.036648,0
2022-12-04T00:54:00.000+01:00,-19.88395,-31.033806,0
2022-12-04T00:55:00.000+01:00,-19.871876,-31.016762,0
2022-12-04T00:56:00.000+01:00,-19.911648,-31.033806,0
2022-12-04T00:57:00.000+01:00,-19.900284,-31.030968,0
2022-12-04T00:58:00.000+01:00,-19.8875,-31.023153,0
2022-12-04T00:59:00.000+01:00,-19.88963,-31.030256,0
2022-12-04T01:00:00.000+01:00,-19.878979,-31.03949,0
2022-12-04T01:01:00.000+01:00,-19.864063,-31.030966,0
2022-12-04T01:02:00.000+01:00,-19.882528,-31.029545,0
2022-12-04T01:03:00.000+01:00,-19.855541,-31.029545,0
2022-12-04T01:04:00.000+01:00,-19.850569,-31.027414,0
2022-12-04T01:05:00.000+01:00,-19.872585,-31.027414,0
2022-12-04T01:06:00.000+01:00,-19.881819,-31.034517,0
2022-12-04T01:07:00.000+01:00,-19.862642,-31.023153,0
2022-12-04T01:08:00.000+01:00,-19.875427,-31.030256,0
2022-12-04T01:09:00.000+01:00,-19.864773,-31.026705,0
2022-12-04T01:10:00.000+01:00,-19.853409,-31.033096,0
2022-12-04T01:11:00.000+01:00,-19.839205,-31.023153,0
2022-12-04T01:12:00.000+01:00,-19.853409,-31.023153,0
2022-12-04T01:13:00.000+01:00,-19.841335,-31.023865,0
2022-12-04T01:14:00.000+01:00,-19.874004,-31.029545,0
2022-12-04T01:15:00.000+01:00,-19.854118,-31.021732,0
2022-12-04T01:16:00.000+01:00,-19.876846,-31.030254,0
2022-12-04T01:17:00.000+01:00,-19.867615,-31.030966,0
2022-12-04T01:18:00.000+01:00,-19.835653,-31.030968,0
2022-12-04T01:19:00.000+01:00,-19.858381,-31.023153,0
2022-12-04T01:20:00.000+01:00,-19.851278,-31.025993,0
2022-12-04T01:21:00.000+01:00,-19.853409,-31.022442,0
2022-12-04T01:22:00.000+01:00,-19.85199,-31.027416,0
2022-12-04T01:23:00.000+01:00,-19.859802,-31.026703,0
2022-12-04T01:24:00.000+01:00,-19.842045,-31.021732,0
2022-12-04T01:25:00.000+01:00,-19.862642,-31.019604,0
2022-12-04T01:26:00.000+01:00,-19.869034,-31.025993,0
2022-12-04T01:27:00.000+01:00,-19.819317,-31.030966,0
2022-12-04T01:28:00.000+01:00,-19.875427,-31.021732,0
2022-12-04T01:29:00.000+01:00,-19.859802,-31.018892,0
2022-12-04T01:30:00.000+01:00,-19.825,-31.027414,0
2022-12-04T01:31:00.000+01:00,-19.85696,-31.022442,0
2022-12-04T01:32:00.000+01:00,-19.864063,-31.016052,0
2022-12-04T01:33:00.000+01:00,-19.850567,-31.021023,0
2022-12-04T01:34:00.000+01:00,-19.86193,-31.024574,0
2022-12-04T01:35:00.000+01:00,-19.837784,-31.027414,0
2022-12-04T01:36:00.000+01:00,-19.8527,-31.019602,0
2022-12-04T01:37:00.000+01:00,-19.847017,-31.027416,0
2022-12-04T01:38:00.000+01:00,-19.85483,-31.026705,0
2022-12-04T01:39:00.000+01:00,-19.853409,-31.027414,0
2022-12-04T01:40:00.000+01:00,-19.85696,-31.01534,0
2022-12-04T01:41:00.000+01:00,-19.862642,-31.025284,0
2022-12-04T01:42:00.000+01:00,-19.846306,-31.01534,0
2022-12-04T01:43:00.000+01:00,-19.842045,-31.021023,0
2022-12-04T01:44:00.000+01:00,-19.849857,-31.022444,0
2022-12-04T01:45:00.000+01:00,-19.833523,-31.030256,0
2022-12-04T01:46:00.000+01:00,-19.847729,-31.016762,0
2022-12-04T01:47:00.000+01:00,-19.864773,-31.01321,0
2022-12-04T01:48:00.000+01:00,-19.834232,-31.01818,0
2022-12-04T01:49:00.000+01:00,-19.891762,-31.017471,0
2022-12-04T01:50:00.000+01:00,-19.845596,-31.028835,0
2022-12-04T01:51:00.000+01:00,-19.853409,-31.016052,0
2022-12-04T01:52:00.000+01:00,-19.849148,-31.016052,0
2022-12-04T01:53:00.000+01:00,-19.8527,-31.006817,0
2022-12-04T01:54:00.000+01:00,-19.825,-31.01108,0
2022-12-04T01:55:00.000+01:00,-19.804403,-31.0125,0
2022-12-04T01:56:00.000+01:00,-19.815056,-31.01392,0
2022-12-04T01:57:00.000+01:00,-19.828552,-31.016052,0
2022-12-04T01:58:00.000+01:00,-19.800142,-31.006107,0
2022-12-04T01:59:00.000+01:00,-19.85909,-31.011791,0
2022-12-04T02:00:00.000+01:00,-19.822159,-31.00824,0
2022-12-04T02:01:00.000+01:00,-19.82713,-31.0125,0
2022-12-04T02:02:00.000+01:00,-19.854118,-31.016052,0
2022-12-04T02:03:00.000+01:00,-19.843466,-31.01321,0
2022-12-04T02:04:00.000+01:00,-19.806534,-31.006107,0
2022-12-04T02:05:00.000+01:00,-19.859802,-31.00895,0
2022-12-04T02:06:00.000+01:00,-19.85909,-31.00895,0
2022-12-04T02:07:00.000+01:00,-19.842045,-30.989063,0
2022-12-04T02:08:00.000+01:00,-19.850567,-31.006819,0
2022-12-04T02:09:00.000+01:00,-19.884659,-30.996166,0
2022-12-04T02:10:00.000+01:00,-19.85838,-31.0125,0
2022-12-04T02:11:00.000+01:00,-19.855541,-30.999716,0
2022-12-04T02:12:00.000+01:00,-19.828552,-31.008238,0
2022-12-04T02:13:00.000+01:00,-19.842754,-31.007528,0
2022-12-04T02:14:00.000+01:00,-19.878267,-31.010368,0
2022-12-04T02:15:00.000+01:00,-19.840626,-31.015343,0
2022-12-04T02:16:00.000+01:00,-19.853409,-31.0125,0
2022-12-04T02:17:00.000+01:00,-19.841335,-31.0125,0
2022-12-04T02:18:00.000+01:00,-19.872585,-31.014631,0
2022-12-04T02:19:00.000+01:00,-19.836365,-31.009659,0
2022-12-04T02:20:00.000+01:00,-19.851278,-31.011791,0
2022-12-04T02:21:00.000+01:00,-19.885368,-31.003977,0
2022-12-04T02:22:00.000+01:00,-19.853409,-31.007528,0
2022-12-04T02:23:00.000+01:00,-19.837784,-31.004688,0
2022-12-04T02:24:00.000+01:00,-19.815056,-31.011791,0
2022-12-04T02:25:00.000+01:00,-19.835653,-31.009659,0
2022-12-04T02:26:00.000+01:00,-19.866194,-31.004688,0
2022-12-04T02:27:00.000+01:00,-19.815056,-31.006819,0
2022-12-04T02:28:00.000+01:00,-19.839205,-31.00824,0
2022-12-04T02:29:00.000+01:00,-19.845596,-31.018892,0
2022-12-04T02:30:00.000+01:00,-19.8527,-31.01392,0
2022-12-04T02:31:00.000+01:00,-19.85838,-31.00753,0
2022-12-04T02:32:00.000+01:00,-19.842045,-31.00895,0
2022-12-04T02:33:00.000+01:00,-19.864773,-31.016762,0
2022-12-04T02:34:00.000+01:00,-19.871166,-31.006817,0
2022-12-04T02:35:00.000+01:00,-19.808664,-30.994034,0
2022-12-04T02:36:00.000+01:00,-19.831392,-30.997585,0
2022-12-04T02:37:00.000+01:00,-19.85199,-30.994034,0
2022-12-04T02:38:00.000+01:00,-19.849857,-31.001137,0
2022-12-04T02:39:00.000+01:00,-19.85483,-31.004688,0
2022-12-04T02:40:00.000+01:00,-19.85128,-30.992615,0
2022-12-04T02:41:00.000+01:00,-19.85909,-30.999006,0
2022-12-04T02:42:00.000+01:00,-19.842045,-31.003267,0
2022-12-04T02:43:00.000+01:00,-19.854118,-30.997585,0
2022-12-04T02:44:00.000+01:00,-19.844177,-31.010368,0
2022-12-04T02:45:00.000+01:00,-19.834232,-31.001137,0
2022-12-04T02:46:00.000+01:00,-19.864063,-30.996166,0
2022-12-04T02:47:00.000+01:00,-19.863354,-30.994034,0
2022-12-04T02:48:00.000+01:00,-19.833523,-30.991192,0
2022-12-04T02:49:00.000+01:00,-19.833523,-31.007528,0
2022-12-04T02:50:00.000+01:00,-19.83068,-31.004688,0
2022-12-04T02:51:00.000+01:00,-19.869743,-30.989063,0
2022-12-04T02:52:00.000+01:00,-19.82784,-30.990482,0
2022-12-04T02:53:00.000+01:00,-19.848438,-30.98196,0
2022-12-04T02:54:00.000+01:00,-19.88892,-30.98409,0
2022-12-04T02:55:00.000+01:00,-19.847729,-30.994034,0
2022-12-04T02:56:00.000+01:00,-19.847017,-30.991905,0
2022-12-04T02:57:00.000+01:00,-19.859093,-30.987642,0
2022-12-04T02:58:00.000+01:00,-19.879688,-30.98125,0
2022-12-04T02:59:00.000+01:00,-19.862642,-30.967045,0
2022-12-04T03:00:00.000+01:00,-19.866903,-30.947868,0
2022-12-04T03:01:00.000+01:00,-19.869034,-30.953552,0
2022-12-04T03:02:00.000+01:00,-19.870455,-30.959944,0
2022-12-04T03:03:00.000+01:00,-19.932243,-30.94574,0
2022-12-04T03:04:00.000+01:00,-19.930824,-30.956392,0
2022-12-04T03:05:00.000+01:00,-19.884659,-30.959232,0
2022-12-04T03:06:00.000+01:00,-19.872585,-30.954262,0
2022-12-04T03:07:00.000+01:00,-19.861221,-30.972017,0
2022-12-04T03:08:00.000+01:00,-19.89034,-30.968468,0
2022-12-04T03:09:00.000+01:00,-19.881819,-30.95213,0
2022-12-04T03:10:00.000+01:00,-19.98196,-30.95142,0
2022-12-04T03:11:00.000+01:00,-19.875427,-30.95,0
2022-12-04T03:12:00.000+01:00,-19.881107,-30.973438,0
2022-12-04T03:13:00.000+01:00,-19.828552,-30.975569,0
2022-12-04T03:14:00.000+01:00,-19.92088,-30.967754,0
2022-12-04T03:15:00.000+01:00,-19.874006,-30.9777,0
2022-12-04T03:16:00.000+01:00,-19.867615,-30.965626,0
2022-12-04T03:17:00.000+01:00,-19.85767,-30.971306,0
2022-12-04T03:18:00.000+01:00,-19.900284,-30.972017,0
2022-12-04T03:19:00.000+01:00,-19.874716,-30.972017,0
2022-12-04T03:20:00.000+01:00,-19.855541,-30.970596,0
2022-12-04T03:21:00.000+01:00,-19.837784,-30.965626,0
2022-12-04T03:22:00.000+01:00,-19.884659,-30.985512,0
2022-12-04T03:23:00.000+01:00,-19.814346,-30.979118,0
2022-12-04T03:24:00.000+01:00,-19.85909,-30.989063,0
2022-12-04T03:25:00.000+01:00,-19.870453,-30.98267,0
2022-12-04T03:26:00.000+01:00,-19.869743,-30.975569,0
2022-12-04T03:27:00.000+01:00,-19.86193,-30.98693,0
2022-12-04T03:28:00.000+01:00,-19.864063,-30.991903,0
2022-12-04T03:29:00.000+01:00,-19.844177,-30.98693,0
2022-12-04T03:30:00.000+01:00,-19.874006,-30.991905,0
2022-12-04T03:31:00.000+01:00,-19.873295,-30.988354,0
2022-12-04T03:32:00.000+01:00,-19.867615,-30.991194,0
2022-12-04T03:33:00.000+01:00,-19.88821,-30.984802,0
2022-12-04T03:34:00.000+01:00,-19.882528,-30.98338,0
2022-12-04T03:35:00.000+01:00,-19.879688,-30.987642,0
2022-12-04T03:36:00.000+01:00,-19.904545,-30.985512,0
2022-12-04T03:37:00.000+01:00,-19.909517,-30.988354,0
2022-12-04T03:38:00.000+01:00,-19.913067,-30.98267,0
2022-12-04T03:39:00.000+01:00,-19.905966,-30.98267,0
2022-12-04T03:40:00.000+01:00,-19.860512,-30.980541,0
2022-12-04T03:41:00.000+01:00,-19.911648,-30.988354,0
2022-12-04T03:42:00.000+01:00,-19.878267,-30.989773,0
2022-12-04T03:43:00.000+01:00,-19.893892,-30.984802,0
2022-12-04T03:44:00.000+01:00,-19.860512,-30.993324,0
2022-12-04T03:45:00.000+01:00,-19.891052,-30.991903,0
2022-12-04T03:46:00.000+01:00,-19.902414,-30.993324,0
2022-12-04T03:47:00.000+01:00,-19.892471,-30.989773,0
2022-12-04T03:48:00.000+01:00,-19.880398,-30.98693,0
2022-12-04T03:49:00.000+01:00,-19.898153,-30.979118,0
2022-12-04T03:50:00.000+01:00,-19.92088,-30.988354,0
2022-12-04T03:51:00.000+01:00,-19.88395,-30.979828,0
2022-12-04T03:52:00.000+01:00,-19.884659,-30.973438,0
2022-12-04T03:53:00.000+01:00,-19.905968,-30.979828,0
2022-12-04T03:54:00.000+01:00,-19.91733,-30.972017,0
2022-12-04T03:55:00.000+01:00,-19.88892,-30.98693,0
2022-12-04T03:56:00.000+01:00,-19.873295,-30.9777,0
2022-12-04T03:57:00.000+01:00,-19.896732,-30.98125,0
2022-12-04T03:58:00.000+01:00,-19.91449,-30.98196,0
2022-12-04T03:59:00.000+01:00,-19.893892,-30.990482,0
2022-12-04T04:00:00.000+01:00,-19.9223,-30.98196,0
2022-12-04T04:01:00.000+01:00,-19.891052,-30.988352,0
2022-12-04T04:02:00.000+01:00,-19.879688,-30.988352,0
2022-12-04T04:03:00.000+01:00,-19.94858,-30.985512,0
2022-12-04T04:04:00.000+01:00,-19.947159,-30.985512,0
2022-12-04T04:05:00.000+01:00,-19.9152,-30.9777,0
2022-12-04T04:06:00.000+01:00,-19.923721,-30.974148,0
2022-12-04T04:07:00.000+01:00,-19.9152,-30.98338,0
2022-12-04T04:08:00.000+01:00,-19.934376,-30.978409,0
2022-12-04T04:09:00.000+01:00,-19.938637,-30.989773,0
2022-12-04T04:10:00.000+01:00,-19.908096,-30.985512,0
2022-12-04T04:11:00.000+01:00,-19.912357,-30.97983,0
2022-12-04T04:12:00.000+01:00,-19.893183,-30.971306,0
2022-12-04T04:13:00.000+01:00,-19.880398,-30.9777,0
2022-12-04T04:14:00.000+01:00,-19.89318,-30.969887,0
2022-12-04T04:15:00.000+01:00,-19.854118,-30.969887,0
2022-12-04T04:16:00.000+01:00,-19.910938,-30.97699,0
2022-12-04T04:17:00.000+01:00,-19.893892,-30.991194,0
2022-12-04T04:18:00.000+01:00,-19.884659,-30.975569,0
2022-12-04T04:19:00.000+01:00,-19.903835,-30.97983,0
2022-12-04T04:20:00.000+01:00,-19.897442,-30.9777,0
2022-12-04T04:21:00.000+01:00,-19.92017,-30.979118,0
2022-12-04T04:22:00.000+01:00,-19.897442,-30.958523,0
2022-12-04T04:23:00.000+01:00,-19.895313,-30.967754,0
2022-12-04T04:24:00.000+01:00,-19.896023,-30.957813,0
2022-12-04T04:25:00.000+01:00,-19.905256,-30.969887,0
2022-12-04T04:26:00.000+01:00,-19.913778,-30.959942,0
2022-12-04T04:27:00.000+01:00,-19.944317,-30.960653,0
2022-12-04T04:28:00.000+01:00,-19.915909,-30.962074,0
2022-12-04T04:29:00.000+01:00,-19.902416,-30.962074,0
2022-12-04T04:30:00.000+01:00,-19.88679,-30.960653,0
2022-12-04T04:31:00.000+01:00,-19.904545,-30.959942,0
2022-12-04T04:32:00.000+01:00,-19.906677,-30.956392,0
2022-12-04T04:33:00.000+01:00,-19.909517,-30.961365,0
2022-12-04T04:34:00.000+01:00,-19.8875,-30.95568,0
2022-12-04T04:35:00.000+01:00,-19.896732,-30.95142,0
2022-12-04T04:36:00.000+01:00,-19.930824,-30.957813,0
2022-12-04T04:37:00.000+01:00,-19.903835,-30.953552,0
2022-12-04T04:38:00.000+01:00,-19.913067,-30.958523,0
2022-12-04T04:39:00.000+01:00,-19.92088,-30.95284,0
2022-12-04T04:40:00.000+01:00,-19.898865,-30.959944,0
2022-12-04T04:41:00.000+01:00,-19.925142,-30.95071,0
2022-12-04T04:42:00.000+01:00,-19.91875,-30.953552,0
2022-12-04T04:43:00.000+01:00,-19.910938,-30.94574,0
2022-12-04T04:44:00.000+01:00,-19.911648,-30.94574,0
2022-12-04T04:45:00.000+01:00,-19.903126,-30.958523,0
2022-12-04T04:46:00.000+01:00,-19.903835,-30.940056,0
2022-12-04T04:47:00.000+01:00,-19.909517,-30.940056,0
2022-12-04T04:48:00.000+01:00,-19.925142,-30.94645,0
2022-12-04T04:49:00.000+01:00,-19.907387,-30.95071,0
2022-12-04T04:50:00.000+01:00,-19.907387,-30.94858,0
2022-12-04T04:51:00.000+01:00,-19.921593,-30.936504,0
2022-12-04T04:52:00.000+01:00,-19.929405,-30.95568,0
2022-12-04T04:53:00.000+01:00,-19.91449,-30.95142,0
2022-12-04T04:54:00.000+01:00,-19.908096,-30.944319,0
2022-12-04T04:55:00.000+01:00,-19.947159,-30.942188,0
2022-12-04T04:56:00.000+01:00,-19.92159,-30.940767,0
2022-12-04T04:57:00.000+01:00,-19.908096,-30.945028,0
2022-12-04T04:58:00.000+01:00,-19.922302,-30.95142,0
2022-12-04T04:59:00.000+01:00,-19.908096,-30.939346,0
2022-12-04T05:00:00.000+01:00,-19.926563,-30.940767,0
2022-12-04T05:01:00.000+01:00,-19.91378,-30.94929,0
2022-12-04T05:02:00.000+01:00,-19.91449,-30.940767,0
2022-12-04T05:03:00.000+01:00,-19.925852,-30.936504,0
2022-12-04T05:04:00.000+01:00,-19.913778,-30.938637,0
2022-12-04T05:05:00.000+01:00,-19.91733,-30.940767,0
2022-12-04T05:06:00.000+01:00,-19.926563,-30.94574,0
2022-12-04T05:07:00.000+01:00,-19.916618,-30.935085,0
2022-12-04T05:08:00.000+01:00,-19.91733,-30.927273,0
2022-12-04T05:09:00.000+01:00,-19.9152,-30.934376,0
2022-12-04T05:10:00.000+01:00,-19.915909,-30.928692,0
2022-12-04T05:11:00.000+01:00,-19.902416,-30.944319,0
2022-12-04T05:12:00.000+01:00,-19.929403,-30.94645,0
2022-12-04T05:13:00.000+01:00,-19.925854,-30.943607,0
2022-12-04T05:14:00.000+01:00,-19.943607,-30.94929,0
2022-12-04T05:15:00.000+01:00,-19.916618,-30.943607,0
2022-12-04T05:16:00.000+01:00,-19.957102,-30.935795,0
2022-12-04T05:17:00.000+01:00,-19.92443,-30.941479,0
2022-12-04T05:18:00.000+01:00,-19.941479,-30.94645,0
2022-12-04T05:19:00.000+01:00,-19.908806,-30.940058,0
2022-12-04T05:20:00.000+01:00,-19.925142,-30.942188,0
2022-12-04T05:21:00.000+01:00,-19.936504,-30.930824,0
2022-12-04T05:22:00.000+01:00,-19.916618,-30.936506,0
2022-12-04T05:23:00.000+01:00,-19.94929,-30.938637,0
2022-12-04T05:24:00.000+01:00,-19.947868,-30.939346,0
2022-12-04T05:25:00.000+01:00,-19.923721,-30.94858,0
2022-12-04T05:26:00.000+01:00,-19.940767,-30.939346,0
2022-12-04T05:27:00.000+01:00,-19.920881,-30.937216,0
2022-12-04T05:28:00.000+01:00,-19.934376,-30.937927,0
2022-12-04T05:29:00.000+01:00,-19.949291,-30.934376,0
2022-12-04T05:30:00.000+01:00,-19.94645,-30.940056,0
2022-12-04T05:31:00.000+01:00,-19.930824,-30.929403,0
2022-12-04T05:32:00.000+01:00,-19.923721,-30.930115,0
2022-12-04T05:33:00.000+01:00,-19.949291,-30.940056,0
2022-12-04T05:34:00.000+01:00,-19.95,-30.935795,0
2022-12-04T05:35:00.000+01:00,-19.920881,-30.936506,0
2022-12-04T05:36:00.000+01:00,-19.95142,-30.938637,0
2022-12-04T05:37:00.000+01:00,-19.95568,-30.943607,0
2022-12-04T05:38:00.000+01:00,-19.929405,-30.937927,0
2022-12-04T05:39:00.000+01:00,-19.908096,-30.945738,0
2022-12-04T05:40:00.000+01:00,-19.931534,-30.939346,0
2022-12-04T05:41:00.000+01:00,-19.953552,-30.942898,0
2022-12-04T05:42:00.000+01:00,-19.95284,-30.940056,0
2022-12-04T05:43:00.000+01:00,-19.942898,-30.942898,0
2022-12-04T05:44:00.000+01:00,-19.939346,-30.941477,0
2022-12-04T05:45:00.000+01:00,-19.941479,-30.937927,0
2022-12-04T05:46:00.000+01:00,-19.963495,-30.932955,0
2022-12-04T05:47:00.000+01:00,-19.938637,-30.937927,0
2022-12-04T05:48:00.000+01:00,-19.935795,-30.940767,0
2022-12-04T05:49:00.000+01:00,-19.92017,-30.94645,0
2022-12-04T05:50:00.000+01:00,-19.945028,-30.942188,0
2022-12-04T05:51:00.000+01:00,-19.923012,-30.947868,0
2022-12-04T05:52:00.000+01:00,-19.92443,-30.937925,0
2022-12-04T05:53:00.000+01:00,-19.947159,-30.94787,0
2022-12-04T05:54:00.000+01:00,-19.979118,-30.94574,0
2022-12-04T05:55:00.000+01:00,-19.95,-30.945028,0
2022-12-04T05:56:00.000+01:00,-19.959232,-30.941479,0
2022-12-04T05:57:00.000+01:00,-19.929403,-30.95142,0
2022-12-04T05:58:00.000+01:00,-19.947868,-30.947159,0
2022-12-04T05:59:00.000+01:00,-19.95071,-30.95,0
2022-12-04T06:00:00.000+01:00,-19.967756,-30.944317,0
2022-12-04T06:01:00.000+01:00,-19.971306,-30.95071,0
2022-12-04T06:02:00.000+01:00,-19.943607,-30.942898,0
2022-12-04T06:03:00.000+01:00,-19.965626,-30.94858,0
2022-12-04T06:04:00.000+01:00,-19.974148,-30.942188,0
2022-12-04T06:05:00.000+01:00,-19.997585,-30.942898,0
2022-12-04T06:06:00.000+01:00,-19.970596,-30.94574,0
2022-12-04T06:07:00.000+01:00,-19.944319,-30.939346,0
2022-12-04T06:08:00.000+01:00,-19.957102,-30.944319,0
2022-12-04T06:09:00.000+01:00,-19.98054,-30.947868,0
2022-12-04T06:10:00.000+01:00,-19.98196,-30.94929,0
2022-12-04T06:11:00.000+01:00,-19.98409,-30.95142,0
2022-12-04T06:12:00.000+01:00,-20.007528,-30.947868,0
2022-12-04T06:13:00.000+01:00,-19.95284,-30.95,0
2022-12-04T06:14:00.000+01:00,-19.961365,-30.958523,0
2022-12-04T06:15:00.000+01:00,-19.969887,-30.947159,0
2022-12-04T06:16:00.000+01:00,-19.960653,-30.957104,0
2022-12-04T06:17:00.000+01:00,-19.945028,-30.959232,0
2022-12-04T06:18:00.000+01:00,-19.954971,-30.966335,0
2022-12-04T06:19:00.000+01:00,-19.952131,-30.959232,0
2022-12-04T06:20:00.000+01:00,-19.940767,-30.95071,0
2022-12-04T06:21:00.000+01:00,-19.928694,-30.967045,0
2022-12-04T06:22:00.000+01:00,-19.95213,-30.959942,0
2022-12-04T06:23:00.000+01:00,-19.92514,-30.965626,0
2022-12-04T06:24:00.000+01:00,-19.95355,-30.957813,0
2022-12-04T06:25:00.000+01:00,-19.936506,-30.957813,0
2022-12-04T06:26:00.000+01:00,-19.937216,-30.962784,0
2022-12-04T06:27:00.000+01:00,-19.933664,-30.957813,0
2022-12-04T06:28:00.000+01:00,-19.943607,-30.95142,0
2022-12-04T06:29:00.000+01:00,-19.905254,-30.960653,0
2022-12-04T06:30:00.000+01:00,-19.954262,-30.970596,0
2022-12-04T06:31:00.000+01:00,-19.932955,-30.964205,0
2022-12-04T06:32:00.000+01:00,-19.972729,-30.970596,0
2022-12-04T06:33:00.000+01:00,-19.94645,-30.972727,0
2022-12-04T06:34:00.000+01:00,-19.957813,-30.963493,0
2022-12-04T06:35:00.000+01:00,-19.988352,-30.973438,0
2022-12-04T06:36:00.000+01:00,-19.98125,-30.964203,0
2022-12-04T06:37:00.000+01:00,-19.935085,-30.967045,0
2022-12-04T06:38:00.000+01:00,-19.966335,-30.972727,0
2022-12-04T06:39:00.000+01:00,-19.963493,-30.964914,0
2022-12-04T06:40:00.000+01:00,-19.993324,-30.962784,0
2022-12-04T06:41:00.000+01:00,-19.965626,-30.968466,0
2022-12-04T06:42:00.000+01:00,-19.959232,-30.957813,0
2022-12-04T06:43:00.000+01:00,-19.979118,-30.967045,0
2022-12-04T06:44:00.000+01:00,-19.98125,-30.964916,0
2022-12-04T06:45:00.000+01:00,-19.935085,-30.972015,0
2022-12-04T06:46:00.000+01:00,-19.98054,-30.971306,0
2022-12-04T06:47:00.000+01:00,-19.949291,-30.970596,0
2022-12-04T06:48:00.000+01:00,-19.954262,-30.964914,0
2022-12-04T06:49:00.000+01:00,-19.978409,-30.978409,0
2022-12-04T06:50:00.000+01:00,-19.971306,-30.969887,0
2022-12-04T06:51:00.000+01:00,-19.991192,-30.9777,0
2022-12-04T06:52:00.000+01:00,-19.944319,-30.974857,0
2022-12-04T06:53:00.000+01:00,-19.95142,-30.974148,0
2022-12-04T06:54:00.000+01:00,-19.996166,-30.97912,0
2022-12-04T06:55:00.000+01:00,-19.963493,-30.985512,0
2022-12-04T06:56:00.000+01:00,-19.935085,-30.98196,0
2022-12-04T06:57:00.000+01:00,-19.967045,-30.974857,0
2022-12-04T06:58:00.000+01:00,-19.998295,-30.974857,0
2022-12-04T06:59:00.000+01:00,-19.98267,-30.98125,0
2022-12-04T07:00:00.000+01:00,-19.996166,-30.97699,0
2022-12-04T07:01:00.000+01:00,-19.98267,-30.98764,0
2022-12-04T07:02:00.000+01:00,-19.990482,-30.994743,0
2022-12-04T07:03:00.000+01:00,-19.98409,-30.997585,0
2022-12-04T07:04:00.000+01:00,-19.98409,-30.989063,0
2022-12-04T07:05:00.000+01:00,-19.986221,-30.986221,0
2022-12-04T07:06:00.000+01:00,-19.991905,-30.993324,0
2022-12-04T07:07:00.000+01:00,-19.993324,-30.994743,0
2022-12-04T07:08:00.000+01:00,-19.971306,-30.979118,0
2022-12-04T07:09:00.000+01:00,-19.95071,-30.998295,0
2022-12-04T07:10:00.000+01:00,-20.00824,-30.994743,0
2022-12-04T07:11:00.000+01:00,-19.973438,-30.999718,0
2022-12-04T07:12:00.000+01:00,-19.999716,-30.998295,0
2022-12-04T07:13:00.000+01:00,-19.990482,-31.000427,0
2022-12-04T07:14:00.000+01:00,-19.972727,-31.0125,0
2022-12-04T07:15:00.000+01:00,-20.003979,-30.996876,0
2022-12-04T07:16:00.000+01:00,-19.995455,-31.004688,0
2022-12-04T07:17:00.000+01:00,-20.003977,-31.00824,0
2022-12-04T07:18:00.000+01:00,-19.98338,-31.009659,0
2022-12-04T07:19:00.000+01:00,-20.036648,-31.021732,0
2022-12-04T07:20:00.000+01:00,-19.988354,-31.01321,0
2022-12-04T07:21:00.000+01:00,-20.034515,-31.01534,0
2022-12-04T07:22:00.000+01:00,-20.025284,-31.023865,0
2022-12-04T07:23:00.000+01:00,-20.010368,-31.005398,0
2022-12-04T07:24:00.000+01:00,-20.026705,-31.019604,0
2022-12-04T07:25:00.000+01:00,-20.026705,-31.030968,0
2022-12-04T07:26:00.000+01:00,-20.019602,-31.023865,0
2022-12-04T07:27:00.000+01:00,-20.019604,-31.021732,0
2022-12-04T07:28:00.000+01:00,-20.035227,-31.018892,0
2022-12-04T07:29:00.000+01:00,-20.010368,-31.014631,0
2022-12-04T07:30:00.000+01:00,-20.026705,-31.01534,0
2022-12-04T07:31:00.000+01:00,-20.040909,-31.031677,0
2022-12-04T07:32:00.000+01:00,-20.04375,-31.025993,0
2022-12-04T07:33:00.000+01:00,-20.035227,-31.033806,0
2022-12-04T07:34:00.000+01:00,-20.058664,-31.025284,0
2022-12-04T07:35:00.000+01:00,-20.048721,-31.026703,0
2022-12-04T07:36:00.000+01:00,-20.059376,-31.029545,0
2022-12-04T07:37:00.000+01:00,-20.061506,-31.033096,0
2022-12-04T07:38:00.000+01:00,-20.048721,-31.037357,0
2022-12-04T07:39:00.000+01:00,-20.052273,-31.035938,0
2022-12-04T07:40:00.000+01:00,-20.065058,-31.038778,0
2022-12-04T07:41:00.000+01:00,-20.046593,-31.038067,0
2022-12-04T07:42:00.000+01:00,-20.087074,-31.03949,0
2022-12-04T07:43:00.000+01:00,-20.065056,-31.036648,0
2022-12-04T07:44:00.000+01:00,-20.082102,-31.03949,0
2022-12-04T07:45:00.000+01:00,-20.063637,-31.035938,0
2022-12-04T07:46:00.000+01:00,-20.07642,-31.037357,0
2022-12-04T07:47:00.000+01:00,-20.072159,-31.0402,0
2022-12-04T07:48:00.000+01:00,-20.088493,-31.041618,0
2022-12-04T07:49:00.000+01:00,-20.074291,-31.050854,0
2022-12-04T07:50:00.000+01:00,-20.054403,-31.05014,0
2022-12-04T07:51:00.000+01:00,-20.089914,-31.03949,0
2022-12-04T07:52:00.000+01:00,-20.126137,-31.052982,0
2022-12-04T07:53:00.000+01:00,-20.10696,-31.051563,0
2022-12-04T07:54:00.000+01:00,-20.14318,-31.055824,0
2022-12-04T07:55:00.000+01:00,-20.14318,-31.066479,0
2022-12-04T07:56:00.000+01:00,-20.13892,-31.07145,0
2022-12-04T07:57:00.000+01:00,-20.148865,-31.081392,0
2022-12-04T07:58:00.000+01:00,-20.162357,-31.083523,0
2022-12-04T07:59:00.000+01:00,-20.173012,-31.07429,0
2022-12-04T08:00:00.000+01:00,-20.180824,-31.091335,0
2022-12-04T08:01:00.000+01:00,-20.177273,-31.08068,0
2022-12-04T08:02:00.000+01:00,-20.165909,-31.087074,0
2022-12-04T08:03:00.000+01:00,-20.173721,-31.084232,0
2022-12-04T08:04:00.000+01:00,-20.162357,-31.089205,0
2022-12-04T08:05:00.000+01:00,-20.175852,-31.075,0
2022-12-04T08:06:00.000+01:00,-20.150284,-31.082813,0
2022-12-04T08:07:00.000+01:00,-20.153126,-31.082102,0
2022-12-04T08:08:00.000+01:00,-20.158806,-31.087784,0
2022-12-04T08:09:00.000+01:00,-20.16875,-31.084232,0
2022-12-04T08:10:00.000+01:00,-20.156677,-31.085653,0
2022-12-04T08:11:00.000+01:00,-20.1723,-31.097727,0
2022-12-04T08:12:00.000+01:00,-20.148865,-31.087784,0
2022-12-04T08:13:00.000+01:00,-20.183664,-31.100567,0
2022-12-04T08:14:00.000+01:00,-20.156677,-31.10625,0
2022-12-04T08:15:00.000+01:00,-20.20284,-31.111221,0
2022-12-04T08:16:00.000+01:00,-20.235512,-31.115482,0
2022-12-04T08:17:00.000+01:00,-20.221306,-31.119034,0
2022-12-04T08:18:00.000+01:00,-20.209232,-31.119745,0
2022-12-04T08:19:00.000+01:00,-20.224857,-31.119034,0
2022-12-04T08:20:00.000+01:00,-20.220596,-31.125427,0
2022-12-04T08:21:00.000+01:00,-20.222017,-31.128265,0
2022-12-04T08:22:00.000+01:00,-20.2277,-31.122585,0
2022-12-04T08:23:00.000+01:00,-20.22628,-31.127556,0
2022-12-04T08:24:00.000+01:00,-20.215626,-31.121164,0
2022-12-04T08:25:00.000+01:00,-20.19858,-31.131819,0
2022-12-04T08:26:00.000+01:00,-20.23693,-31.124006,0
2022-12-04T08:27:00.000+01:00,-20.2277,-31.134659,0
2022-12-04T08:28:00.000+01:00,-20.207813,-31.128979,0
2022-12-04T08:29:00.000+01:00,-20.209944,-31.127556,0
2022-12-04T08:30:00.000+01:00,-20.218468,-31.143892,0
2022-12-04T08:31:00.000+01:00,-20.242615,-31.134659,0
2022-12-04T08:32:00.000+01:00,-20.213493,-31.148153,0
2022-12-04T08:33:00.000+01:00,-20.236221,-31.146023,0
2022-12-04T08:34:00.000+01:00,-20.212074,-31.141762,0
2022-12-04T08:35:00.000+01:00,-20.250427,-31.146732,0
2022-12-04T08:36:00.000+01:00,-20.256107,-31.150284,0
2022-12-04T08:37:00.000+01:00,-20.283096,-31.162357,0
2022-12-04T08:38:00.000+01:00,-20.279545,-31.17159,0
